cell_id,LTHSC,LMPP,MPP_broad,CMP,MEP,GMP,MPP1,MPP2,MPP3,STHSC,LTHSC-ESLAM,unknown,cell_type_12
HSPC_001,0,0,1,0,0,0,0,0,0,0,0,0,MPP_broad
HSPC_002,1,0,0,0,0,0,0,0,0,0,0,0,LTHSC
HSPC_003,0,0,1,0,0,0,0,0,0,0,0,0,MPP_broad
HSPC_004,0,1,0,0,0,0,0,0,0,0,0,0,LMPP
HSPC_006,0,1,0,0,0,0,0,0,0,0,0,0,LMPP
HSPC_008,0,1,0,0,0,0,0,0,0,0,0,0,LMPP
HSPC_009,0,1,0,0,0,0,0,0,0,0,0,0,LMPP
HSPC_011,0,1,0,0,0,0,0,0,0,0,0,0,LMPP
HSPC_012,0,1,0,0,0,0,0,0,0,0,0,0,LMPP
HSPC_014,0,0,1,0,0,0,0,0,0,0,0,0,MPP_broad
HSPC_015,0,1,0,0,0,0,0,0,0,0,0,0,LMPP
HSPC_016,0,1,0,0,0,0,0,0,0,0,0,0,LMPP
HSPC_017,1,0,0,0,0,0,0,0,0,0,0,0,LTHSC
HSPC_018,0,0,1,0,0,0,0,0,0,0,0,0,MPP_broad
HSPC_020,1,0,0,0,0,0,0,0,0,0,0,0,LTHSC
HSPC_021,0,0,0,0,0,0,0,0,1,0,0,0,MPP3
HSPC_022,1,0,0,0,0,0,0,0,0,0,0,0,LTHSC
HSPC_023,0,0,1,0,0,0,0,0,0,0,0,0,MPP_broad
HSPC_024,0,0,0,0,0,0,0,0,0,1,0,0,STHSC
HSPC_025,0,0,1,0,0,0,0,0,0,0,0,0,MPP_broad
HSPC_026,0,1,0,0,0,0,0,0,0,0,0,0,LMPP
HSPC_027,0,1,0,0,0,0,0,0,0,0,0,0,LMPP
HSPC_028,0,1,0,0,0,0,0,0,0,0,0,0,LMPP
HSPC_030,0,1,0,0,0,0,0,0,0,0,0,0,LMPP
HSPC_031,0,0,1,0,0,0,0,0,0,0,0,0,MPP_broad
HSPC_033,0,1,0,0,0,0,0,0,0,0,0,0,LMPP
HSPC_034,0,1,0,0,0,0,0,0,0,0,0,0,LMPP
HSPC_035,0,0,0,0,0,0,0,0,0,1,0,0,STHSC
HSPC_036,0,0,1,0,0,0,0,0,0,0,0,0,MPP_broad
HSPC_037,0,0,1,0,0,0,0,0,0,0,0,0,MPP_broad
HSPC_038,0,0,1,0,0,0,0,0,0,0,0,0,MPP_broad
HSPC_040,0,0,0,0,0,0,0,0,1,0,0,0,MPP3
HSPC_041,0,0,1,0,0,0,0,0,0,0,0,0,MPP_broad
HSPC_042,0,0,0,0,0,0,0,0,1,0,0,0,MPP3
HSPC_043,0,0,1,0,0,0,0,0,0,0,0,0,MPP_broad
HSPC_044,0,0,1,0,0,0,0,0,0,0,0,0,MPP_broad
HSPC_045,0,1,0,0,0,0,0,0,0,0,0,0,LMPP
HSPC_046,0,1,0,0,0,0,0,0,0,0,0,0,LMPP
HSPC_047,0,0,1,0,0,0,0,0,0,0,0,0,MPP_broad
HSPC_048,0,1,0,0,0,0,0,0,0,0,0,0,LMPP
HSPC_049,0,1,0,0,0,0,0,0,0,0,0,0,LMPP
HSPC_050,0,1,0,0,0,0,0,0,0,0,0,0,LMPP
HSPC_051,0,0,1,0,0,0,0,0,0,0,0,0,MPP_broad
HSPC_052,0,0,1,0,0,0,0,0,0,0,0,0,MPP_broad
HSPC_053,0,0,0,0,0,0,0,0,1,0,0,0,MPP3
HSPC_054,0,1,0,0,0,0,0,0,0,0,0,0,LMPP
HSPC_055,0,1,0,0,0,0,0,0,0,0,0,0,LMPP
HSPC_056,0,1,0,0,0,0,0,0,0,0,0,0,LMPP
HSPC_057,0,0,0,0,0,0,0,0,0,0,1,0,LTHSC-ESLAM
HSPC_058,0,1,0,0,0,0,0,0,0,0,0,0,LMPP
HSPC_060,0,0,1,0,0,0,0,0,0,0,0,0,MPP_broad
HSPC_061,0,0,1,0,0,0,0,0,0,0,0,0,MPP_broad
HSPC_062,1,0,0,0,0,0,0,0,0,0,0,0,LTHSC
HSPC_063,0,1,0,0,0,0,0,0,0,0,0,0,LMPP
HSPC_064,0,1,0,0,0,0,0,0,0,0,0,0,LMPP
HSPC_065,0,0,1,0,0,0,0,0,0,0,0,0,MPP_broad
HSPC_066,0,0,0,0,0,0,0,0,0,0,1,0,LTHSC-ESLAM
HSPC_067,0,1,0,0,0,0,0,0,0,0,0,0,LMPP
HSPC_068,0,1,0,0,0,0,0,0,0,0,0,0,LMPP
HSPC_069,0,0,0,0,0,0,1,0,0,0,0,0,MPP1
HSPC_070,0,1,0,0,0,0,0,0,0,0,0,0,LMPP
HSPC_071,0,0,0,0,0,0,0,0,1,0,0,0,MPP3
HSPC_072,0,0,1,0,0,0,0,0,0,0,0,0,MPP_broad
HSPC_073,0,1,0,0,0,0,0,0,0,0,0,0,LMPP
HSPC_074,1,0,0,0,0,0,0,0,0,0,0,0,LTHSC
HSPC_075,1,0,0,0,0,0,0,0,0,0,0,0,LTHSC
HSPC_076,0,0,0,0,0,0,0,0,1,0,0,0,MPP3
HSPC_077,0,1,0,0,0,0,0,0,0,0,0,0,LMPP
HSPC_078,0,0,0,0,0,0,0,0,1,0,0,0,MPP3
HSPC_079,0,0,1,0,0,0,0,0,0,0,0,0,MPP_broad
HSPC_080,0,1,0,0,0,0,0,0,0,0,0,0,LMPP
HSPC_081,0,0,0,0,0,0,0,0,1,0,0,0,MPP3
HSPC_082,0,0,1,0,0,0,0,0,0,0,0,0,MPP_broad
HSPC_083,1,0,0,0,0,0,0,0,0,0,0,0,LTHSC
HSPC_084,0,0,1,0,0,0,0,0,0,0,0,0,MPP_broad
HSPC_085,0,0,0,0,0,0,0,0,0,1,0,0,STHSC
HSPC_087,1,0,0,0,0,0,0,0,0,0,0,0,LTHSC
HSPC_088,0,0,1,0,0,0,0,0,0,0,0,0,MPP_broad
HSPC_089,0,0,0,0,0,0,0,0,1,0,0,0,MPP3
HSPC_090,0,0,0,0,0,0,0,0,1,0,0,0,MPP3
HSPC_094,0,1,0,0,0,0,0,0,0,0,0,0,LMPP
HSPC_095,0,0,1,0,0,0,0,0,0,0,0,0,MPP_broad
HSPC_096,0,1,0,0,0,0,0,0,0,0,0,0,LMPP
HSPC_098,0,1,0,0,0,0,0,0,0,0,0,0,LMPP
HSPC_099,0,0,1,0,0,0,0,0,0,0,0,0,MPP_broad
HSPC_100,0,1,0,0,0,0,0,0,0,0,0,0,LMPP
HSPC_101,0,1,0,0,0,0,0,0,0,0,0,0,LMPP
HSPC_102,0,0,0,0,0,0,0,0,1,0,0,0,MPP3
HSPC_103,0,1,0,0,0,0,0,0,0,0,0,0,LMPP
HSPC_104,0,0,1,0,0,0,0,0,0,0,0,0,MPP_broad
HSPC_105,0,1,0,0,0,0,0,0,0,0,0,0,LMPP
HSPC_106,0,0,1,0,0,0,0,0,0,0,0,0,MPP_broad
HSPC_107,0,1,0,0,0,0,0,0,0,0,0,0,LMPP
HSPC_108,0,0,1,0,0,0,0,0,0,0,0,0,MPP_broad
HSPC_109,0,0,0,0,0,0,0,0,1,0,0,0,MPP3
HSPC_110,0,0,0,0,0,0,0,1,0,0,0,0,MPP2
HSPC_111,1,0,0,0,0,0,0,0,0,0,0,0,LTHSC
HSPC_114,0,1,0,0,0,0,0,0,0,0,0,0,LMPP
HSPC_115,0,1,0,0,0,0,0,0,0,0,0,0,LMPP
HSPC_117,0,0,1,0,0,0,0,0,0,0,0,0,MPP_broad
HSPC_118,0,0,0,0,0,0,0,0,0,1,0,0,STHSC
HSPC_119,1,0,0,0,0,0,0,0,0,0,0,0,LTHSC
HSPC_120,0,0,0,0,0,0,0,0,0,0,1,0,LTHSC-ESLAM
HSPC_121,0,0,1,0,0,0,0,0,0,0,0,0,MPP_broad
HSPC_122,0,1,0,0,0,0,0,0,0,0,0,0,LMPP
HSPC_123,0,0,0,0,0,0,0,0,1,0,0,0,MPP3
HSPC_125,0,1,0,0,0,0,0,0,0,0,0,0,LMPP
HSPC_126,0,0,0,0,0,0,0,0,0,1,0,0,STHSC
HSPC_127,0,0,0,0,0,0,1,0,0,0,0,0,MPP1
HSPC_130,0,0,0,0,0,0,1,0,0,0,0,0,MPP1
HSPC_131,0,0,1,0,0,0,0,0,0,0,0,0,MPP_broad
HSPC_132,0,1,0,0,0,0,0,0,0,0,0,0,LMPP
HSPC_133,0,0,0,0,0,0,0,0,1,0,0,0,MPP3
HSPC_134,0,1,0,0,0,0,0,0,0,0,0,0,LMPP
HSPC_135,0,0,1,0,0,0,0,0,0,0,0,0,MPP_broad
HSPC_136,0,0,1,0,0,0,0,0,0,0,0,0,MPP_broad
HSPC_138,1,0,0,0,0,0,0,0,0,0,0,0,LTHSC
HSPC_139,0,0,0,0,0,0,0,0,0,0,1,0,LTHSC-ESLAM
HSPC_140,0,0,1,0,0,0,0,0,0,0,0,0,MPP_broad
HSPC_141,0,0,0,0,0,0,0,0,0,1,0,0,STHSC
HSPC_142,0,1,0,0,0,0,0,0,0,0,0,0,LMPP
HSPC_143,1,0,0,0,0,0,0,0,0,0,0,0,LTHSC
HSPC_144,0,0,0,0,0,0,0,0,1,0,0,0,MPP3
HSPC_146,0,0,1,0,0,0,0,0,0,0,0,0,MPP_broad
HSPC_148,0,0,1,0,0,0,0,0,0,0,0,0,MPP_broad
HSPC_149,0,0,0,0,0,0,0,0,0,1,0,0,STHSC
HSPC_151,0,1,0,0,0,0,0,0,0,0,0,0,LMPP
HSPC_152,0,0,1,0,0,0,0,0,0,0,0,0,MPP_broad
HSPC_153,0,1,0,0,0,0,0,0,0,0,0,0,LMPP
HSPC_154,0,1,0,0,0,0,0,0,0,0,0,0,LMPP
HSPC_155,0,0,1,0,0,0,0,0,0,0,0,0,MPP_broad
HSPC_156,0,0,0,0,0,0,0,0,1,0,0,0,MPP3
HSPC_157,0,0,1,0,0,0,0,0,0,0,0,0,MPP_broad
HSPC_158,0,1,0,0,0,0,0,0,0,0,0,0,LMPP
HSPC_159,0,0,1,0,0,0,0,0,0,0,0,0,MPP_broad
HSPC_161,0,0,1,0,0,0,0,0,0,0,0,0,MPP_broad
HSPC_162,0,1,0,0,0,0,0,0,0,0,0,0,LMPP
HSPC_164,0,0,1,0,0,0,0,0,0,0,0,0,MPP_broad
HSPC_165,0,0,0,0,0,0,0,0,1,0,0,0,MPP3
HSPC_166,0,1,0,0,0,0,0,0,0,0,0,0,LMPP
HSPC_168,0,0,0,0,0,0,0,0,1,0,0,0,MPP3
HSPC_169,0,1,0,0,0,0,0,0,0,0,0,0,LMPP
HSPC_170,0,1,0,0,0,0,0,0,0,0,0,0,LMPP
HSPC_171,1,0,0,0,0,0,0,0,0,0,0,0,LTHSC
HSPC_172,0,0,0,0,0,0,0,0,1,0,0,0,MPP3
HSPC_173,0,1,0,0,0,0,0,0,0,0,0,0,LMPP
HSPC_174,0,1,0,0,0,0,0,0,0,0,0,0,LMPP
HSPC_175,0,1,0,0,0,0,0,0,0,0,0,0,LMPP
HSPC_176,0,1,0,0,0,0,0,0,0,0,0,0,LMPP
HSPC_177,0,1,0,0,0,0,0,0,0,0,0,0,LMPP
HSPC_178,0,0,1,0,0,0,0,0,0,0,0,0,MPP_broad
HSPC_179,0,1,0,0,0,0,0,0,0,0,0,0,LMPP
HSPC_180,0,0,0,0,0,0,0,0,1,0,0,0,MPP3
HSPC_181,0,0,0,0,0,0,0,0,0,1,0,0,STHSC
HSPC_182,1,0,0,0,0,0,0,0,0,0,0,0,LTHSC
HSPC_183,0,0,0,0,0,0,0,0,0,1,0,0,STHSC
HSPC_185,0,0,0,0,0,0,0,0,0,1,0,0,STHSC
HSPC_186,1,0,0,0,0,0,0,0,0,0,0,0,LTHSC
HSPC_187,0,0,0,0,0,0,1,0,0,0,0,0,MPP1
HSPC_189,0,1,0,0,0,0,0,0,0,0,0,0,LMPP
HSPC_190,0,0,1,0,0,0,0,0,0,0,0,0,MPP_broad
HSPC_191,1,0,0,0,0,0,0,0,0,0,0,0,LTHSC
HSPC_192,0,1,0,0,0,0,0,0,0,0,0,0,LMPP
HSPC_193,0,0,1,0,0,0,0,0,0,0,0,0,MPP_broad
HSPC_195,0,1,0,0,0,0,0,0,0,0,0,0,LMPP
HSPC_196,0,0,1,0,0,0,0,0,0,0,0,0,MPP_broad
HSPC_198,0,0,1,0,0,0,0,0,0,0,0,0,MPP_broad
HSPC_199,0,0,1,0,0,0,0,0,0,0,0,0,MPP_broad
HSPC_200,0,1,0,0,0,0,0,0,0,0,0,0,LMPP
HSPC_202,1,0,0,0,0,0,0,0,0,0,0,0,LTHSC
HSPC_203,0,0,0,0,0,0,0,0,1,0,0,0,MPP3
HSPC_204,0,0,0,0,0,0,1,0,0,0,0,0,MPP1
HSPC_205,0,1,0,0,0,0,0,0,0,0,0,0,LMPP
HSPC_206,0,0,1,0,0,0,0,0,0,0,0,0,MPP_broad
HSPC_207,0,0,1,0,0,0,0,0,0,0,0,0,MPP_broad
HSPC_208,0,1,0,0,0,0,0,0,0,0,0,0,LMPP
HSPC_210,1,0,0,0,0,0,0,0,0,0,0,0,LTHSC
HSPC_211,0,0,1,0,0,0,0,0,0,0,0,0,MPP_broad
HSPC_212,0,0,0,0,0,0,0,0,0,1,0,0,STHSC
HSPC_213,0,1,0,0,0,0,0,0,0,0,0,0,LMPP
HSPC_214,0,1,0,0,0,0,0,0,0,0,0,0,LMPP
HSPC_215,0,0,1,0,0,0,0,0,0,0,0,0,MPP_broad
HSPC_216,0,0,0,0,0,0,0,0,1,0,0,0,MPP3
HSPC_218,0,0,0,0,0,0,0,0,0,1,0,0,STHSC
HSPC_219,0,0,1,0,0,0,0,0,0,0,0,0,MPP_broad
HSPC_220,0,0,0,0,0,0,1,0,0,0,0,0,MPP1
HSPC_221,1,0,0,0,0,0,0,0,0,0,0,0,LTHSC
HSPC_222,0,1,0,0,0,0,0,0,0,0,0,0,LMPP
HSPC_223,1,0,0,0,0,0,0,0,0,0,0,0,LTHSC
HSPC_224,0,0,1,0,0,0,0,0,0,0,0,0,MPP_broad
HSPC_225,0,0,1,0,0,0,0,0,0,0,0,0,MPP_broad
HSPC_227,0,1,0,0,0,0,0,0,0,0,0,0,LMPP
HSPC_228,0,0,1,0,0,0,0,0,0,0,0,0,MPP_broad
HSPC_229,1,0,0,0,0,0,0,0,0,0,0,0,LTHSC
HSPC_230,0,0,1,0,0,0,0,0,0,0,0,0,MPP_broad
HSPC_231,0,1,0,0,0,0,0,0,0,0,0,0,LMPP
HSPC_232,1,0,0,0,0,0,0,0,0,0,0,0,LTHSC
HSPC_233,0,0,1,0,0,0,0,0,0,0,0,0,MPP_broad
HSPC_235,0,1,0,0,0,0,0,0,0,0,0,0,LMPP
HSPC_236,0,0,1,0,0,0,0,0,0,0,0,0,MPP_broad
HSPC_237,0,1,0,0,0,0,0,0,0,0,0,0,LMPP
HSPC_239,0,1,0,0,0,0,0,0,0,0,0,0,LMPP
HSPC_240,0,0,1,0,0,0,0,0,0,0,0,0,MPP_broad
HSPC_243,0,1,0,0,0,0,0,0,0,0,0,0,LMPP
HSPC_244,0,0,1,0,0,0,0,0,0,0,0,0,MPP_broad
HSPC_245,0,0,0,0,0,0,0,0,1,0,0,0,MPP3
HSPC_246,0,1,0,0,0,0,0,0,0,0,0,0,LMPP
HSPC_247,0,0,0,0,0,0,0,0,1,0,0,0,MPP3
HSPC_248,0,1,0,0,0,0,0,0,0,0,0,0,LMPP
HSPC_249,0,0,0,0,0,0,0,0,0,1,0,0,STHSC
HSPC_250,0,0,1,0,0,0,0,0,0,0,0,0,MPP_broad
HSPC_251,1,0,0,0,0,0,0,0,0,0,0,0,LTHSC
HSPC_253,0,0,0,0,0,0,0,0,1,0,0,0,MPP3
HSPC_254,0,0,0,0,0,0,0,0,1,0,0,0,MPP3
HSPC_255,0,0,0,0,0,0,0,0,1,0,0,0,MPP3
HSPC_256,1,0,0,0,0,0,0,0,0,0,0,0,LTHSC
HSPC_257,0,0,1,0,0,0,0,0,0,0,0,0,MPP_broad
HSPC_258,0,0,0,0,0,0,0,1,0,0,0,0,MPP2
HSPC_261,0,1,0,0,0,0,0,0,0,0,0,0,LMPP
HSPC_263,0,1,0,0,0,0,0,0,0,0,0,0,LMPP
HSPC_264,1,0,0,0,0,0,0,0,0,0,0,0,LTHSC
HSPC_265,1,0,0,0,0,0,0,0,0,0,0,0,LTHSC
HSPC_266,0,0,1,0,0,0,0,0,0,0,0,0,MPP_broad
HSPC_267,0,0,0,0,0,0,0,0,1,0,0,0,MPP3
HSPC_268,0,0,0,0,0,0,0,0,1,0,0,0,MPP3
HSPC_269,0,1,0,0,0,0,0,0,0,0,0,0,LMPP
HSPC_270,0,1,0,0,0,0,0,0,0,0,0,0,LMPP
HSPC_271,0,1,0,0,0,0,0,0,0,0,0,0,LMPP
HSPC_274,0,1,0,0,0,0,0,0,0,0,0,0,LMPP
HSPC_275,0,0,0,0,0,0,0,1,0,0,0,0,MPP2
HSPC_276,0,1,0,0,0,0,0,0,0,0,0,0,LMPP
HSPC_278,0,0,1,0,0,0,0,0,0,0,0,0,MPP_broad
HSPC_279,1,0,0,0,0,0,0,0,0,0,0,0,LTHSC
HSPC_280,0,1,0,0,0,0,0,0,0,0,0,0,LMPP
HSPC_281,0,0,0,0,0,0,0,0,1,0,0,0,MPP3
HSPC_282,0,0,0,0,0,0,0,0,1,0,0,0,MPP3
HSPC_283,0,0,0,0,0,0,0,0,1,0,0,0,MPP3
HSPC_285,0,1,0,0,0,0,0,0,0,0,0,0,LMPP
HSPC_286,0,1,0,0,0,0,0,0,0,0,0,0,LMPP
HSPC_287,0,0,1,0,0,0,0,0,0,0,0,0,MPP_broad
HSPC_288,0,1,0,0,0,0,0,0,0,0,0,0,LMPP
HSPC_289,0,1,0,0,0,0,0,0,0,0,0,0,LMPP
HSPC_290,0,1,0,0,0,0,0,0,0,0,0,0,LMPP
HSPC_291,0,1,0,0,0,0,0,0,0,0,0,0,LMPP
HSPC_292,0,0,0,0,0,0,0,0,1,0,0,0,MPP3
HSPC_293,0,0,1,0,0,0,0,0,0,0,0,0,MPP_broad
HSPC_294,0,1,0,0,0,0,0,0,0,0,0,0,LMPP
HSPC_295,0,1,0,0,0,0,0,0,0,0,0,0,LMPP
HSPC_296,0,0,0,0,0,0,0,0,1,0,0,0,MPP3
HSPC_297,0,0,1,0,0,0,0,0,0,0,0,0,MPP_broad
HSPC_298,0,0,0,0,0,0,0,0,0,1,0,0,STHSC
HSPC_299,0,1,0,0,0,0,0,0,0,0,0,0,LMPP
HSPC_300,0,0,1,0,0,0,0,0,0,0,0,0,MPP_broad
HSPC_301,0,0,0,0,0,0,0,0,0,1,0,0,STHSC
HSPC_302,0,1,0,0,0,0,0,0,0,0,0,0,LMPP
HSPC_303,0,1,0,0,0,0,0,0,0,0,0,0,LMPP
HSPC_304,1,0,0,0,0,0,0,0,0,0,0,0,LTHSC
HSPC_305,0,0,1,0,0,0,0,0,0,0,0,0,MPP_broad
HSPC_306,0,0,0,0,0,0,0,0,1,0,0,0,MPP3
HSPC_307,0,1,0,0,0,0,0,0,0,0,0,0,LMPP
HSPC_308,0,0,0,0,0,0,0,0,0,1,0,0,STHSC
HSPC_309,0,1,0,0,0,0,0,0,0,0,0,0,LMPP
HSPC_310,0,0,0,0,0,0,0,0,1,0,0,0,MPP3
HSPC_312,0,0,1,0,0,0,0,0,0,0,0,0,MPP_broad
HSPC_313,0,0,1,0,0,0,0,0,0,0,0,0,MPP_broad
HSPC_314,0,0,0,0,0,0,1,0,0,0,0,0,MPP1
HSPC_315,0,0,1,0,0,0,0,0,0,0,0,0,MPP_broad
HSPC_317,0,0,1,0,0,0,0,0,0,0,0,0,MPP_broad
HSPC_318,0,1,0,0,0,0,0,0,0,0,0,0,LMPP
HSPC_320,0,1,0,0,0,0,0,0,0,0,0,0,LMPP
HSPC_321,0,0,0,0,0,0,1,0,0,0,0,0,MPP1
HSPC_322,1,0,0,0,0,0,0,0,0,0,0,0,LTHSC
HSPC_323,0,0,0,0,0,0,0,0,1,0,0,0,MPP3
HSPC_324,0,0,0,0,0,0,0,0,0,1,0,0,STHSC
HSPC_325,0,1,0,0,0,0,0,0,0,0,0,0,LMPP
HSPC_326,0,0,0,0,0,0,1,0,0,0,0,0,MPP1
HSPC_327,0,1,0,0,0,0,0,0,0,0,0,0,LMPP
HSPC_328,0,0,0,0,0,0,0,0,0,1,0,0,STHSC
HSPC_329,0,1,0,0,0,0,0,0,0,0,0,0,LMPP
HSPC_330,0,1,0,0,0,0,0,0,0,0,0,0,LMPP
HSPC_331,0,0,1,0,0,0,0,0,0,0,0,0,MPP_broad
HSPC_332,0,0,1,0,0,0,0,0,0,0,0,0,MPP_broad
HSPC_333,0,1,0,0,0,0,0,0,0,0,0,0,LMPP
HSPC_334,0,1,0,0,0,0,0,0,0,0,0,0,LMPP
HSPC_335,0,0,1,0,0,0,0,0,0,0,0,0,MPP_broad
HSPC_336,1,0,0,0,0,0,0,0,0,0,0,0,LTHSC
HSPC_337,1,0,0,0,0,0,0,0,0,0,0,0,LTHSC
HSPC_338,1,0,0,0,0,0,0,0,0,0,0,0,LTHSC
HSPC_339,0,0,1,0,0,0,0,0,0,0,0,0,MPP_broad
HSPC_341,0,1,0,0,0,0,0,0,0,0,0,0,LMPP
HSPC_342,0,0,1,0,0,0,0,0,0,0,0,0,MPP_broad
HSPC_343,0,1,0,0,0,0,0,0,0,0,0,0,LMPP
HSPC_344,1,0,0,0,0,0,0,0,0,0,0,0,LTHSC
HSPC_345,0,1,0,0,0,0,0,0,0,0,0,0,LMPP
HSPC_346,0,0,1,0,0,0,0,0,0,0,0,0,MPP_broad
HSPC_348,0,0,1,0,0,0,0,0,0,0,0,0,MPP_broad
HSPC_349,0,0,1,0,0,0,0,0,0,0,0,0,MPP_broad
HSPC_350,0,0,0,0,0,0,0,0,0,1,0,0,STHSC
HSPC_351,0,0,0,0,0,0,0,0,1,0,0,0,MPP3
HSPC_352,0,1,0,0,0,0,0,0,0,0,0,0,LMPP
HSPC_353,0,1,0,0,0,0,0,0,0,0,0,0,LMPP
HSPC_354,0,1,0,0,0,0,0,0,0,0,0,0,LMPP
HSPC_356,0,0,1,0,0,0,0,0,0,0,0,0,MPP_broad
HSPC_358,0,1,0,0,0,0,0,0,0,0,0,0,LMPP
HSPC_359,1,0,0,0,0,0,0,0,0,0,0,0,LTHSC
HSPC_360,1,0,0,0,0,0,0,0,0,0,0,0,LTHSC
HSPC_361,0,0,1,0,0,0,0,0,0,0,0,0,MPP_broad
HSPC_362,1,0,0,0,0,0,0,0,0,0,0,0,LTHSC
HSPC_363,1,0,0,0,0,0,0,0,0,0,0,0,LTHSC
HSPC_365,1,0,0,0,0,0,0,0,0,0,0,0,LTHSC
HSPC_367,1,0,0,0,0,0,0,0,0,0,0,0,LTHSC
HSPC_368,0,0,0,0,0,0,0,0,0,0,0,1,unknown
HSPC_370,0,0,1,0,0,0,0,0,0,0,0,0,MPP_broad
HSPC_371,0,0,1,0,0,0,0,0,0,0,0,0,MPP_broad
HSPC_372,0,0,1,0,0,0,0,0,0,0,0,0,MPP_broad
HSPC_373,1,0,0,0,0,0,0,0,0,0,0,0,LTHSC
HSPC_374,1,0,0,0,0,0,0,0,0,0,0,0,LTHSC
HSPC_376,0,0,0,0,0,0,0,0,1,0,0,0,MPP3
HSPC_377,0,0,1,0,0,0,0,0,0,0,0,0,MPP_broad
HSPC_380,0,0,0,0,0,0,0,0,0,1,0,0,STHSC
HSPC_382,0,0,0,0,0,0,0,0,1,0,0,0,MPP3
HSPC_383,0,0,0,0,0,0,0,0,1,0,0,0,MPP3
HSPC_386,1,0,0,0,0,0,0,0,0,0,0,0,LTHSC
HSPC_387,0,0,1,0,0,0,0,0,0,0,0,0,MPP_broad
HSPC_388,0,1,0,0,0,0,0,0,0,0,0,0,LMPP
HSPC_389,1,0,0,0,0,0,0,0,0,0,0,0,LTHSC
HSPC_390,0,0,0,0,0,0,0,0,0,0,1,0,LTHSC-ESLAM
HSPC_391,0,1,0,0,0,0,0,0,0,0,0,0,LMPP
HSPC_392,0,1,0,0,0,0,0,0,0,0,0,0,LMPP
HSPC_393,0,0,0,0,0,0,0,1,0,0,0,0,MPP2
HSPC_395,1,0,0,0,0,0,0,0,0,0,0,0,LTHSC
HSPC_396,1,0,0,0,0,0,0,0,0,0,0,0,LTHSC
HSPC_398,0,1,0,0,0,0,0,0,0,0,0,0,LMPP
HSPC_399,0,0,0,0,0,0,0,0,0,0,1,0,LTHSC-ESLAM
HSPC_400,0,1,0,0,0,0,0,0,0,0,0,0,LMPP
HSPC_402,0,0,1,0,0,0,0,0,0,0,0,0,MPP_broad
HSPC_403,0,0,1,0,0,0,0,0,0,0,0,0,MPP_broad
HSPC_404,1,0,0,0,0,0,0,0,0,0,0,0,LTHSC
HSPC_405,0,1,0,0,0,0,0,0,0,0,0,0,LMPP
HSPC_406,1,0,0,0,0,0,0,0,0,0,0,0,LTHSC
HSPC_407,0,1,0,0,0,0,0,0,0,0,0,0,LMPP
HSPC_408,1,0,0,0,0,0,0,0,0,0,0,0,LTHSC
HSPC_409,0,1,0,0,0,0,0,0,0,0,0,0,LMPP
HSPC_410,0,0,1,0,0,0,0,0,0,0,0,0,MPP_broad
HSPC_411,0,0,0,0,0,0,0,0,1,0,0,0,MPP3
HSPC_412,0,1,0,0,0,0,0,0,0,0,0,0,LMPP
HSPC_413,0,0,1,0,0,0,0,0,0,0,0,0,MPP_broad
HSPC_415,0,0,0,0,0,0,0,0,0,0,1,0,LTHSC-ESLAM
HSPC_416,0,1,0,0,0,0,0,0,0,0,0,0,LMPP
HSPC_417,0,0,1,0,0,0,0,0,0,0,0,0,MPP_broad
HSPC_418,0,0,0,0,0,0,0,0,1,0,0,0,MPP3
HSPC_419,0,0,0,0,0,0,0,0,1,0,0,0,MPP3
HSPC_420,0,0,1,0,0,0,0,0,0,0,0,0,MPP_broad
HSPC_421,0,0,0,0,0,0,0,0,1,0,0,0,MPP3
HSPC_422,0,0,1,0,0,0,0,0,0,0,0,0,MPP_broad
HSPC_423,0,0,0,0,0,0,0,0,0,0,1,0,LTHSC-ESLAM
HSPC_424,0,0,1,0,0,0,0,0,0,0,0,0,MPP_broad
HSPC_425,0,0,0,0,0,0,1,0,0,0,0,0,MPP1
HSPC_426,0,1,0,0,0,0,0,0,0,0,0,0,LMPP
HSPC_427,0,0,0,0,0,0,0,0,0,1,0,0,STHSC
HSPC_431,0,0,0,0,0,0,1,0,0,0,0,0,MPP1
HSPC_432,0,0,0,0,0,0,0,0,0,1,0,0,STHSC
HSPC_435,0,1,0,0,0,0,0,0,0,0,0,0,LMPP
HSPC_436,0,1,0,0,0,0,0,0,0,0,0,0,LMPP
HSPC_440,0,0,1,0,0,0,0,0,0,0,0,0,MPP_broad
HSPC_441,0,0,0,0,0,0,1,0,0,0,0,0,MPP1
HSPC_442,0,1,0,0,0,0,0,0,0,0,0,0,LMPP
HSPC_443,0,0,1,0,0,0,0,0,0,0,0,0,MPP_broad
HSPC_444,0,1,0,0,0,0,0,0,0,0,0,0,LMPP
HSPC_446,0,0,1,0,0,0,0,0,0,0,0,0,MPP_broad
HSPC_447,0,0,0,0,0,0,0,0,0,1,0,0,STHSC
HSPC_448,0,0,1,0,0,0,0,0,0,0,0,0,MPP_broad
HSPC_449,0,0,1,0,0,0,0,0,0,0,0,0,MPP_broad
HSPC_450,0,1,0,0,0,0,0,0,0,0,0,0,LMPP
HSPC_451,0,1,0,0,0,0,0,0,0,0,0,0,LMPP
HSPC_453,0,1,0,0,0,0,0,0,0,0,0,0,LMPP
HSPC_454,0,0,1,0,0,0,0,0,0,0,0,0,MPP_broad
HSPC_455,0,0,1,0,0,0,0,0,0,0,0,0,MPP_broad
HSPC_456,0,1,0,0,0,0,0,0,0,0,0,0,LMPP
HSPC_457,0,1,0,0,0,0,0,0,0,0,0,0,LMPP
HSPC_459,0,1,0,0,0,0,0,0,0,0,0,0,LMPP
HSPC_460,1,0,0,0,0,0,0,0,0,0,0,0,LTHSC
HSPC_461,0,0,1,0,0,0,0,0,0,0,0,0,MPP_broad
HSPC_462,1,0,0,0,0,0,0,0,0,0,0,0,LTHSC
HSPC_463,0,1,0,0,0,0,0,0,0,0,0,0,LMPP
HSPC_465,0,0,1,0,0,0,0,0,0,0,0,0,MPP_broad
HSPC_466,0,1,0,0,0,0,0,0,0,0,0,0,LMPP
HSPC_467,0,1,0,0,0,0,0,0,0,0,0,0,LMPP
HSPC_468,0,1,0,0,0,0,0,0,0,0,0,0,LMPP
HSPC_470,0,0,0,0,0,0,0,0,0,1,0,0,STHSC
HSPC_471,0,1,0,0,0,0,0,0,0,0,0,0,LMPP
HSPC_472,0,0,1,0,0,0,0,0,0,0,0,0,MPP_broad
HSPC_473,0,0,1,0,0,0,0,0,0,0,0,0,MPP_broad
HSPC_474,0,1,0,0,0,0,0,0,0,0,0,0,LMPP
HSPC_475,1,0,0,0,0,0,0,0,0,0,0,0,LTHSC
HSPC_477,0,1,0,0,0,0,0,0,0,0,0,0,LMPP
HSPC_478,1,0,0,0,0,0,0,0,0,0,0,0,LTHSC
HSPC_479,0,0,1,0,0,0,0,0,0,0,0,0,MPP_broad
HSPC_480,0,0,0,0,0,0,1,0,0,0,0,0,MPP1
HSPC_482,0,0,0,0,0,0,0,0,0,0,0,1,unknown
HSPC_483,0,0,1,0,0,0,0,0,0,0,0,0,MPP_broad
HSPC_485,0,1,0,0,0,0,0,0,0,0,0,0,LMPP
HSPC_486,0,0,0,0,0,0,0,0,0,1,0,0,STHSC
HSPC_488,0,0,1,0,0,0,0,0,0,0,0,0,MPP_broad
HSPC_489,0,0,1,0,0,0,0,0,0,0,0,0,MPP_broad
HSPC_490,0,0,1,0,0,0,0,0,0,0,0,0,MPP_broad
HSPC_491,0,0,1,0,0,0,0,0,0,0,0,0,MPP_broad
HSPC_492,0,1,0,0,0,0,0,0,0,0,0,0,LMPP
HSPC_493,0,0,0,0,0,0,1,0,0,0,0,0,MPP1
HSPC_494,0,1,0,0,0,0,0,0,0,0,0,0,LMPP
HSPC_495,0,0,1,0,0,0,0,0,0,0,0,0,MPP_broad
HSPC_496,1,0,0,0,0,0,0,0,0,0,0,0,LTHSC
HSPC_497,0,0,1,0,0,0,0,0,0,0,0,0,MPP_broad
HSPC_498,0,1,0,0,0,0,0,0,0,0,0,0,LMPP
HSPC_499,0,0,1,0,0,0,0,0,0,0,0,0,MPP_broad
HSPC_500,1,0,0,0,0,0,0,0,0,0,0,0,LTHSC
HSPC_501,0,1,0,0,0,0,0,0,0,0,0,0,LMPP
HSPC_502,1,0,0,0,0,0,0,0,0,0,0,0,LTHSC
HSPC_503,0,0,1,0,0,0,0,0,0,0,0,0,MPP_broad
HSPC_504,0,1,0,0,0,0,0,0,0,0,0,0,LMPP
HSPC_505,0,0,1,0,0,0,0,0,0,0,0,0,MPP_broad
HSPC_506,0,1,0,0,0,0,0,0,0,0,0,0,LMPP
HSPC_507,0,1,0,0,0,0,0,0,0,0,0,0,LMPP
HSPC_508,0,0,0,0,0,0,0,0,1,0,0,0,MPP3
HSPC_509,1,0,0,0,0,0,0,0,0,0,0,0,LTHSC
HSPC_510,0,1,0,0,0,0,0,0,0,0,0,0,LMPP
HSPC_512,0,0,0,0,0,0,1,0,0,0,0,0,MPP1
HSPC_514,0,0,0,0,0,0,0,0,0,1,0,0,STHSC
HSPC_515,0,0,1,0,0,0,0,0,0,0,0,0,MPP_broad
HSPC_516,0,1,0,0,0,0,0,0,0,0,0,0,LMPP
HSPC_518,0,0,1,0,0,0,0,0,0,0,0,0,MPP_broad
HSPC_520,1,0,0,0,0,0,0,0,0,0,0,0,LTHSC
HSPC_521,1,0,0,0,0,0,0,0,0,0,0,0,LTHSC
HSPC_522,0,1,0,0,0,0,0,0,0,0,0,0,LMPP
HSPC_523,0,0,0,0,0,0,0,0,0,1,0,0,STHSC
HSPC_524,0,1,0,0,0,0,0,0,0,0,0,0,LMPP
HSPC_526,0,1,0,0,0,0,0,0,0,0,0,0,LMPP
HSPC_527,0,0,1,0,0,0,0,0,0,0,0,0,MPP_broad
HSPC_528,0,1,0,0,0,0,0,0,0,0,0,0,LMPP
HSPC_530,0,1,0,0,0,0,0,0,0,0,0,0,LMPP
HSPC_532,0,0,0,0,0,0,1,0,0,0,0,0,MPP1
HSPC_533,0,0,1,0,0,0,0,0,0,0,0,0,MPP_broad
HSPC_534,0,1,0,0,0,0,0,0,0,0,0,0,LMPP
HSPC_535,0,0,0,0,0,0,0,1,0,0,0,0,MPP2
HSPC_537,0,0,1,0,0,0,0,0,0,0,0,0,MPP_broad
HSPC_538,0,1,0,0,0,0,0,0,0,0,0,0,LMPP
HSPC_539,0,1,0,0,0,0,0,0,0,0,0,0,LMPP
HSPC_540,0,1,0,0,0,0,0,0,0,0,0,0,LMPP
HSPC_541,0,0,1,0,0,0,0,0,0,0,0,0,MPP_broad
HSPC_543,0,0,0,0,0,0,0,0,1,0,0,0,MPP3
HSPC_544,0,0,1,0,0,0,0,0,0,0,0,0,MPP_broad
HSPC_545,1,0,0,0,0,0,0,0,0,0,0,0,LTHSC
HSPC_546,1,0,0,0,0,0,0,0,0,0,0,0,LTHSC
HSPC_547,1,0,0,0,0,0,0,0,0,0,0,0,LTHSC
HSPC_548,0,1,0,0,0,0,0,0,0,0,0,0,LMPP
HSPC_549,0,0,1,0,0,0,0,0,0,0,0,0,MPP_broad
HSPC_550,0,0,1,0,0,0,0,0,0,0,0,0,MPP_broad
HSPC_551,0,0,0,0,0,0,0,0,1,0,0,0,MPP3
HSPC_552,1,0,0,0,0,0,0,0,0,0,0,0,LTHSC
HSPC_553,0,1,0,0,0,0,0,0,0,0,0,0,LMPP
HSPC_554,1,0,0,0,0,0,0,0,0,0,0,0,LTHSC
HSPC_555,0,1,0,0,0,0,0,0,0,0,0,0,LMPP
HSPC_556,0,0,0,0,0,0,0,0,0,0,1,0,LTHSC-ESLAM
HSPC_557,0,0,1,0,0,0,0,0,0,0,0,0,MPP_broad
HSPC_559,0,0,0,0,0,0,1,0,0,0,0,0,MPP1
HSPC_560,0,0,0,0,0,0,0,0,0,1,0,0,STHSC
HSPC_562,0,1,0,0,0,0,0,0,0,0,0,0,LMPP
HSPC_563,0,1,0,0,0,0,0,0,0,0,0,0,LMPP
HSPC_566,0,1,0,0,0,0,0,0,0,0,0,0,LMPP
HSPC_567,0,0,0,0,0,0,0,1,0,0,0,0,MPP2
HSPC_568,0,1,0,0,0,0,0,0,0,0,0,0,LMPP
HSPC_569,0,0,0,0,0,0,0,0,1,0,0,0,MPP3
HSPC_571,0,1,0,0,0,0,0,0,0,0,0,0,LMPP
HSPC_573,0,1,0,0,0,0,0,0,0,0,0,0,LMPP
HSPC_574,0,1,0,0,0,0,0,0,0,0,0,0,LMPP
HSPC_575,0,1,0,0,0,0,0,0,0,0,0,0,LMPP
HSPC_576,0,0,1,0,0,0,0,0,0,0,0,0,MPP_broad
HSPC_577,0,1,0,0,0,0,0,0,0,0,0,0,LMPP
HSPC_578,0,1,0,0,0,0,0,0,0,0,0,0,LMPP
HSPC_579,0,1,0,0,0,0,0,0,0,0,0,0,LMPP
HSPC_580,0,0,1,0,0,0,0,0,0,0,0,0,MPP_broad
HSPC_582,0,1,0,0,0,0,0,0,0,0,0,0,LMPP
HSPC_584,0,1,0,0,0,0,0,0,0,0,0,0,LMPP
HSPC_585,0,0,1,0,0,0,0,0,0,0,0,0,MPP_broad
HSPC_586,0,1,0,0,0,0,0,0,0,0,0,0,LMPP
HSPC_589,1,0,0,0,0,0,0,0,0,0,0,0,LTHSC
HSPC_590,1,0,0,0,0,0,0,0,0,0,0,0,LTHSC
HSPC_592,0,0,0,0,0,0,0,0,0,1,0,0,STHSC
HSPC_593,0,0,1,0,0,0,0,0,0,0,0,0,MPP_broad
HSPC_594,0,0,1,0,0,0,0,0,0,0,0,0,MPP_broad
HSPC_595,1,0,0,0,0,0,0,0,0,0,0,0,LTHSC
HSPC_596,0,1,0,0,0,0,0,0,0,0,0,0,LMPP
HSPC_597,1,0,0,0,0,0,0,0,0,0,0,0,LTHSC
HSPC_598,0,0,0,0,0,0,0,0,0,0,1,0,LTHSC-ESLAM
HSPC_599,0,0,1,0,0,0,0,0,0,0,0,0,MPP_broad
HSPC_600,0,1,0,0,0,0,0,0,0,0,0,0,LMPP
HSPC_601,0,1,0,0,0,0,0,0,0,0,0,0,LMPP
HSPC_602,0,0,0,0,0,0,0,1,0,0,0,0,MPP2
HSPC_603,0,1,0,0,0,0,0,0,0,0,0,0,LMPP
HSPC_604,0,0,0,0,0,0,0,0,0,1,0,0,STHSC
HSPC_606,0,0,1,0,0,0,0,0,0,0,0,0,MPP_broad
HSPC_607,0,0,1,0,0,0,0,0,0,0,0,0,MPP_broad
HSPC_608,0,0,1,0,0,0,0,0,0,0,0,0,MPP_broad
HSPC_610,0,0,0,0,0,0,0,0,1,0,0,0,MPP3
HSPC_612,0,0,1,0,0,0,0,0,0,0,0,0,MPP_broad
HSPC_613,1,0,0,0,0,0,0,0,0,0,0,0,LTHSC
HSPC_614,0,1,0,0,0,0,0,0,0,0,0,0,LMPP
HSPC_615,0,0,0,0,0,0,0,0,0,1,0,0,STHSC
HSPC_617,0,1,0,0,0,0,0,0,0,0,0,0,LMPP
HSPC_618,0,1,0,0,0,0,0,0,0,0,0,0,LMPP
HSPC_620,0,1,0,0,0,0,0,0,0,0,0,0,LMPP
HSPC_623,0,0,1,0,0,0,0,0,0,0,0,0,MPP_broad
HSPC_624,0,1,0,0,0,0,0,0,0,0,0,0,LMPP
HSPC_625,0,1,0,0,0,0,0,0,0,0,0,0,LMPP
HSPC_626,0,0,0,0,0,0,0,0,0,1,0,0,STHSC
HSPC_627,0,1,0,0,0,0,0,0,0,0,0,0,LMPP
HSPC_628,0,1,0,0,0,0,0,0,0,0,0,0,LMPP
HSPC_629,0,1,0,0,0,0,0,0,0,0,0,0,LMPP
HSPC_630,0,0,1,0,0,0,0,0,0,0,0,0,MPP_broad
HSPC_631,0,0,1,0,0,0,0,0,0,0,0,0,MPP_broad
HSPC_633,0,1,0,0,0,0,0,0,0,0,0,0,LMPP
HSPC_634,0,0,0,0,0,0,0,0,1,0,0,0,MPP3
HSPC_635,0,0,0,0,0,0,1,0,0,0,0,0,MPP1
HSPC_636,0,1,0,0,0,0,0,0,0,0,0,0,LMPP
HSPC_637,0,0,1,0,0,0,0,0,0,0,0,0,MPP_broad
HSPC_638,0,0,1,0,0,0,0,0,0,0,0,0,MPP_broad
HSPC_639,1,0,0,0,0,0,0,0,0,0,0,0,LTHSC
HSPC_640,0,0,1,0,0,0,0,0,0,0,0,0,MPP_broad
HSPC_641,1,0,0,0,0,0,0,0,0,0,0,0,LTHSC
HSPC_643,0,1,0,0,0,0,0,0,0,0,0,0,LMPP
HSPC_644,0,1,0,0,0,0,0,0,0,0,0,0,LMPP
HSPC_645,0,1,0,0,0,0,0,0,0,0,0,0,LMPP
HSPC_646,0,0,0,0,0,0,0,1,0,0,0,0,MPP2
HSPC_648,0,1,0,0,0,0,0,0,0,0,0,0,LMPP
HSPC_649,0,0,1,0,0,0,0,0,0,0,0,0,MPP_broad
HSPC_651,0,1,0,0,0,0,0,0,0,0,0,0,LMPP
HSPC_652,1,0,0,0,0,0,0,0,0,0,0,0,LTHSC
HSPC_654,0,1,0,0,0,0,0,0,0,0,0,0,LMPP
HSPC_656,0,1,0,0,0,0,0,0,0,0,0,0,LMPP
HSPC_657,0,1,0,0,0,0,0,0,0,0,0,0,LMPP
HSPC_658,0,1,0,0,0,0,0,0,0,0,0,0,LMPP
HSPC_660,0,0,1,0,0,0,0,0,0,0,0,0,MPP_broad
HSPC_661,0,0,0,0,0,0,1,0,0,0,0,0,MPP1
HSPC_662,0,1,0,0,0,0,0,0,0,0,0,0,LMPP
HSPC_663,0,0,1,0,0,0,0,0,0,0,0,0,MPP_broad
HSPC_664,0,1,0,0,0,0,0,0,0,0,0,0,LMPP
HSPC_665,0,1,0,0,0,0,0,0,0,0,0,0,LMPP
HSPC_666,0,0,0,0,0,0,0,0,1,0,0,0,MPP3
HSPC_667,0,0,1,0,0,0,0,0,0,0,0,0,MPP_broad
HSPC_668,0,0,1,0,0,0,0,0,0,0,0,0,MPP_broad
HSPC_669,1,0,0,0,0,0,0,0,0,0,0,0,LTHSC
HSPC_670,0,0,0,0,0,0,0,0,1,0,0,0,MPP3
HSPC_671,0,0,1,0,0,0,0,0,0,0,0,0,MPP_broad
HSPC_672,0,1,0,0,0,0,0,0,0,0,0,0,LMPP
HSPC_673,0,1,0,0,0,0,0,0,0,0,0,0,LMPP
HSPC_674,0,1,0,0,0,0,0,0,0,0,0,0,LMPP
HSPC_676,0,0,0,0,0,0,0,0,1,0,0,0,MPP3
HSPC_678,0,0,1,0,0,0,0,0,0,0,0,0,MPP_broad
HSPC_679,0,1,0,0,0,0,0,0,0,0,0,0,LMPP
HSPC_680,0,1,0,0,0,0,0,0,0,0,0,0,LMPP
HSPC_681,1,0,0,0,0,0,0,0,0,0,0,0,LTHSC
HSPC_682,0,0,0,0,0,0,0,0,1,0,0,0,MPP3
HSPC_683,0,1,0,0,0,0,0,0,0,0,0,0,LMPP
HSPC_687,0,1,0,0,0,0,0,0,0,0,0,0,LMPP
HSPC_689,0,0,0,0,0,0,1,0,0,0,0,0,MPP1
HSPC_690,0,0,0,0,0,0,0,1,0,0,0,0,MPP2
HSPC_692,0,0,1,0,0,0,0,0,0,0,0,0,MPP_broad
HSPC_695,0,0,1,0,0,0,0,0,0,0,0,0,MPP_broad
HSPC_696,0,0,1,0,0,0,0,0,0,0,0,0,MPP_broad
HSPC_697,0,0,0,0,0,0,0,1,0,0,0,0,MPP2
HSPC_698,0,1,0,0,0,0,0,0,0,0,0,0,LMPP
HSPC_699,0,1,0,0,0,0,0,0,0,0,0,0,LMPP
HSPC_700,1,0,0,0,0,0,0,0,0,0,0,0,LTHSC
HSPC_701,0,0,0,0,0,0,1,0,0,0,0,0,MPP1
HSPC_702,0,1,0,0,0,0,0,0,0,0,0,0,LMPP
HSPC_703,0,0,0,0,0,0,1,0,0,0,0,0,MPP1
HSPC_704,0,0,1,0,0,0,0,0,0,0,0,0,MPP_broad
HSPC_705,0,1,0,0,0,0,0,0,0,0,0,0,LMPP
HSPC_706,0,1,0,0,0,0,0,0,0,0,0,0,LMPP
HSPC_707,0,1,0,0,0,0,0,0,0,0,0,0,LMPP
HSPC_708,1,0,0,0,0,0,0,0,0,0,0,0,LTHSC
HSPC_709,0,1,0,0,0,0,0,0,0,0,0,0,LMPP
HSPC_714,1,0,0,0,0,0,0,0,0,0,0,0,LTHSC
HSPC_716,0,0,0,0,0,0,1,0,0,0,0,0,MPP1
HSPC_717,0,0,1,0,0,0,0,0,0,0,0,0,MPP_broad
HSPC_719,1,0,0,0,0,0,0,0,0,0,0,0,LTHSC
HSPC_720,0,1,0,0,0,0,0,0,0,0,0,0,LMPP
HSPC_721,0,1,0,0,0,0,0,0,0,0,0,0,LMPP
HSPC_722,1,0,0,0,0,0,0,0,0,0,0,0,LTHSC
HSPC_723,0,0,1,0,0,0,0,0,0,0,0,0,MPP_broad
HSPC_724,0,0,0,0,0,0,0,0,0,0,1,0,LTHSC-ESLAM
HSPC_725,0,1,0,0,0,0,0,0,0,0,0,0,LMPP
HSPC_727,0,0,1,0,0,0,0,0,0,0,0,0,MPP_broad
HSPC_729,1,0,0,0,0,0,0,0,0,0,0,0,LTHSC
HSPC_730,0,0,0,0,0,0,0,0,1,0,0,0,MPP3
HSPC_731,0,1,0,0,0,0,0,0,0,0,0,0,LMPP
HSPC_732,0,0,1,0,0,0,0,0,0,0,0,0,MPP_broad
HSPC_733,1,0,0,0,0,0,0,0,0,0,0,0,LTHSC
HSPC_734,0,0,1,0,0,0,0,0,0,0,0,0,MPP_broad
HSPC_735,0,0,1,0,0,0,0,0,0,0,0,0,MPP_broad
HSPC_736,1,0,0,0,0,0,0,0,0,0,0,0,LTHSC
HSPC_737,0,0,1,0,0,0,0,0,0,0,0,0,MPP_broad
HSPC_738,0,0,0,0,0,0,0,0,0,0,1,0,LTHSC-ESLAM
HSPC_740,0,0,0,0,0,0,0,0,0,0,0,1,unknown
HSPC_742,0,0,1,0,0,0,0,0,0,0,0,0,MPP_broad
HSPC_743,0,1,0,0,0,0,0,0,0,0,0,0,LMPP
HSPC_744,1,0,0,0,0,0,0,0,0,0,0,0,LTHSC
HSPC_745,0,1,0,0,0,0,0,0,0,0,0,0,LMPP
HSPC_746,0,0,1,0,0,0,0,0,0,0,0,0,MPP_broad
HSPC_747,0,0,1,0,0,0,0,0,0,0,0,0,MPP_broad
HSPC_748,0,1,0,0,0,0,0,0,0,0,0,0,LMPP
HSPC_749,0,1,0,0,0,0,0,0,0,0,0,0,LMPP
HSPC_750,0,0,1,0,0,0,0,0,0,0,0,0,MPP_broad
HSPC_751,1,0,0,0,0,0,0,0,0,0,0,0,LTHSC
HSPC_752,0,0,0,0,0,0,0,0,0,1,0,0,STHSC
HSPC_753,0,1,0,0,0,0,0,0,0,0,0,0,LMPP
HSPC_755,0,1,0,0,0,0,0,0,0,0,0,0,LMPP
HSPC_756,0,1,0,0,0,0,0,0,0,0,0,0,LMPP
HSPC_757,0,1,0,0,0,0,0,0,0,0,0,0,LMPP
HSPC_758,0,0,1,0,0,0,0,0,0,0,0,0,MPP_broad
HSPC_759,1,0,0,0,0,0,0,0,0,0,0,0,LTHSC
HSPC_760,1,0,0,0,0,0,0,0,0,0,0,0,LTHSC
HSPC_761,0,0,0,0,0,0,0,0,0,1,0,0,STHSC
HSPC_762,0,1,0,0,0,0,0,0,0,0,0,0,LMPP
HSPC_764,0,0,0,0,0,0,0,0,0,0,1,0,LTHSC-ESLAM
HSPC_765,1,0,0,0,0,0,0,0,0,0,0,0,LTHSC
HSPC_766,0,0,1,0,0,0,0,0,0,0,0,0,MPP_broad
HSPC_767,0,0,0,0,0,0,1,0,0,0,0,0,MPP1
HSPC_768,0,0,1,0,0,0,0,0,0,0,0,0,MPP_broad
HSPC_769,0,1,0,0,0,0,0,0,0,0,0,0,LMPP
HSPC_770,0,0,1,0,0,0,0,0,0,0,0,0,MPP_broad
HSPC_771,0,0,1,0,0,0,0,0,0,0,0,0,MPP_broad
HSPC_772,1,0,0,0,0,0,0,0,0,0,0,0,LTHSC
HSPC_773,0,0,1,0,0,0,0,0,0,0,0,0,MPP_broad
HSPC_774,0,0,0,0,0,0,0,0,1,0,0,0,MPP3
HSPC_776,0,0,1,0,0,0,0,0,0,0,0,0,MPP_broad
HSPC_777,0,0,0,0,0,0,0,0,1,0,0,0,MPP3
HSPC_778,0,0,0,0,0,0,0,0,0,1,0,0,STHSC
HSPC_780,0,0,1,0,0,0,0,0,0,0,0,0,MPP_broad
HSPC_781,1,0,0,0,0,0,0,0,0,0,0,0,LTHSC
HSPC_782,0,0,1,0,0,0,0,0,0,0,0,0,MPP_broad
HSPC_783,0,0,1,0,0,0,0,0,0,0,0,0,MPP_broad
HSPC_784,0,0,1,0,0,0,0,0,0,0,0,0,MPP_broad
HSPC_785,0,0,1,0,0,0,0,0,0,0,0,0,MPP_broad
HSPC_786,0,0,0,0,0,0,1,0,0,0,0,0,MPP1
HSPC_787,0,0,1,0,0,0,0,0,0,0,0,0,MPP_broad
HSPC_788,0,0,1,0,0,0,0,0,0,0,0,0,MPP_broad
HSPC_789,0,0,1,0,0,0,0,0,0,0,0,0,MPP_broad
HSPC_790,0,0,1,0,0,0,0,0,0,0,0,0,MPP_broad
HSPC_791,0,0,1,0,0,0,0,0,0,0,0,0,MPP_broad
HSPC_794,0,0,1,0,0,0,0,0,0,0,0,0,MPP_broad
HSPC_795,0,0,1,0,0,0,0,0,0,0,0,0,MPP_broad
HSPC_796,0,1,0,0,0,0,0,0,0,0,0,0,LMPP
HSPC_797,0,1,0,0,0,0,0,0,0,0,0,0,LMPP
HSPC_798,1,0,0,0,0,0,0,0,0,0,0,0,LTHSC
HSPC_799,0,0,0,0,0,0,0,0,0,1,0,0,STHSC
HSPC_800,0,0,0,0,0,0,0,1,0,0,0,0,MPP2
HSPC_801,0,1,0,0,0,0,0,0,0,0,0,0,LMPP
HSPC_802,0,1,0,0,0,0,0,0,0,0,0,0,LMPP
HSPC_803,1,0,0,0,0,0,0,0,0,0,0,0,LTHSC
HSPC_804,1,0,0,0,0,0,0,0,0,0,0,0,LTHSC
HSPC_806,0,1,0,0,0,0,0,0,0,0,0,0,LMPP
HSPC_807,0,0,1,0,0,0,0,0,0,0,0,0,MPP_broad
HSPC_808,0,1,0,0,0,0,0,0,0,0,0,0,LMPP
HSPC_809,1,0,0,0,0,0,0,0,0,0,0,0,LTHSC
HSPC_810,1,0,0,0,0,0,0,0,0,0,0,0,LTHSC
HSPC_812,0,0,0,0,0,0,1,0,0,0,0,0,MPP1
HSPC_813,1,0,0,0,0,0,0,0,0,0,0,0,LTHSC
HSPC_814,0,0,1,0,0,0,0,0,0,0,0,0,MPP_broad
HSPC_815,0,1,0,0,0,0,0,0,0,0,0,0,LMPP
HSPC_816,0,0,1,0,0,0,0,0,0,0,0,0,MPP_broad
HSPC_818,1,0,0,0,0,0,0,0,0,0,0,0,LTHSC
HSPC_819,1,0,0,0,0,0,0,0,0,0,0,0,LTHSC
HSPC_820,0,1,0,0,0,0,0,0,0,0,0,0,LMPP
HSPC_821,0,0,0,0,0,0,1,0,0,0,0,0,MPP1
HSPC_822,1,0,0,0,0,0,0,0,0,0,0,0,LTHSC
HSPC_824,0,0,1,0,0,0,0,0,0,0,0,0,MPP_broad
HSPC_825,0,0,0,0,0,0,0,0,1,0,0,0,MPP3
HSPC_826,0,0,1,0,0,0,0,0,0,0,0,0,MPP_broad
HSPC_827,0,0,1,0,0,0,0,0,0,0,0,0,MPP_broad
HSPC_828,1,0,0,0,0,0,0,0,0,0,0,0,LTHSC
HSPC_831,0,1,0,0,0,0,0,0,0,0,0,0,LMPP
HSPC_832,0,0,1,0,0,0,0,0,0,0,0,0,MPP_broad
HSPC_833,0,0,1,0,0,0,0,0,0,0,0,0,MPP_broad
HSPC_834,1,0,0,0,0,0,0,0,0,0,0,0,LTHSC
HSPC_835,1,0,0,0,0,0,0,0,0,0,0,0,LTHSC
HSPC_836,0,0,1,0,0,0,0,0,0,0,0,0,MPP_broad
HSPC_837,0,1,0,0,0,0,0,0,0,0,0,0,LMPP
HSPC_838,0,0,1,0,0,0,0,0,0,0,0,0,MPP_broad
HSPC_839,0,0,1,0,0,0,0,0,0,0,0,0,MPP_broad
HSPC_840,0,0,0,0,0,0,0,0,1,0,0,0,MPP3
HSPC_841,0,0,1,0,0,0,0,0,0,0,0,0,MPP_broad
HSPC_842,0,1,0,0,0,0,0,0,0,0,0,0,LMPP
HSPC_843,0,1,0,0,0,0,0,0,0,0,0,0,LMPP
HSPC_844,0,1,0,0,0,0,0,0,0,0,0,0,LMPP
HSPC_845,0,0,1,0,0,0,0,0,0,0,0,0,MPP_broad
HSPC_846,0,0,1,0,0,0,0,0,0,0,0,0,MPP_broad
HSPC_848,0,0,0,0,0,0,0,0,0,0,1,0,LTHSC-ESLAM
HSPC_849,1,0,0,0,0,0,0,0,0,0,0,0,LTHSC
HSPC_851,0,0,1,0,0,0,0,0,0,0,0,0,MPP_broad
HSPC_852,0,1,0,0,0,0,0,0,0,0,0,0,LMPP
LT.HSC_001,1,0,0,0,0,0,0,0,0,0,0,0,LTHSC
LT.HSC_002,1,0,0,0,0,0,0,0,0,0,0,0,LTHSC
LT.HSC_003,1,0,0,0,0,0,0,0,0,0,0,0,LTHSC
LT.HSC_004,0,0,0,0,0,0,0,0,0,0,1,0,LTHSC-ESLAM
LT.HSC_006,1,0,0,0,0,0,0,0,0,0,0,0,LTHSC
LT.HSC_009,1,0,0,0,0,0,0,0,0,0,0,0,LTHSC
LT.HSC_010,1,0,0,0,0,0,0,0,0,0,0,0,LTHSC
LT.HSC_012,0,0,0,0,0,0,0,0,0,0,1,0,LTHSC-ESLAM
LT.HSC_013,1,0,0,0,0,0,0,0,0,0,0,0,LTHSC
LT.HSC_014,1,0,0,0,0,0,0,0,0,0,0,0,LTHSC
LT.HSC_015,1,0,0,0,0,0,0,0,0,0,0,0,LTHSC
LT.HSC_016,0,0,0,0,0,0,0,0,0,0,1,0,LTHSC-ESLAM
LT.HSC_017,1,0,0,0,0,0,0,0,0,0,0,0,LTHSC
LT.HSC_018,1,0,0,0,0,0,0,0,0,0,0,0,LTHSC
LT.HSC_020,1,0,0,0,0,0,0,0,0,0,0,0,LTHSC
LT.HSC_021,1,0,0,0,0,0,0,0,0,0,0,0,LTHSC
LT.HSC_022,1,0,0,0,0,0,0,0,0,0,0,0,LTHSC
LT.HSC_023,1,0,0,0,0,0,0,0,0,0,0,0,LTHSC
LT.HSC_024,1,0,0,0,0,0,0,0,0,0,0,0,LTHSC
LT.HSC_026,1,0,0,0,0,0,0,0,0,0,0,0,LTHSC
LT.HSC_028,1,0,0,0,0,0,0,0,0,0,0,0,LTHSC
LT.HSC_031,1,0,0,0,0,0,0,0,0,0,0,0,LTHSC
LT.HSC_032,1,0,0,0,0,0,0,0,0,0,0,0,LTHSC
LT.HSC_033,0,0,0,0,0,0,0,0,0,0,1,0,LTHSC-ESLAM
LT.HSC_034,0,0,0,0,0,0,0,0,0,0,1,0,LTHSC-ESLAM
LT.HSC_036,1,0,0,0,0,0,0,0,0,0,0,0,LTHSC
LT.HSC_039,1,0,0,0,0,0,0,0,0,0,0,0,LTHSC
LT.HSC_040,1,0,0,0,0,0,0,0,0,0,0,0,LTHSC
LT.HSC_041,1,0,0,0,0,0,0,0,0,0,0,0,LTHSC
LT.HSC_043,1,0,0,0,0,0,0,0,0,0,0,0,LTHSC
LT.HSC_044,1,0,0,0,0,0,0,0,0,0,0,0,LTHSC
LT.HSC_045,1,0,0,0,0,0,0,0,0,0,0,0,LTHSC
LT.HSC_046,1,0,0,0,0,0,0,0,0,0,0,0,LTHSC
LT.HSC_049,1,0,0,0,0,0,0,0,0,0,0,0,LTHSC
LT.HSC_050,1,0,0,0,0,0,0,0,0,0,0,0,LTHSC
LT.HSC_051,1,0,0,0,0,0,0,0,0,0,0,0,LTHSC
LT.HSC_052,1,0,0,0,0,0,0,0,0,0,0,0,LTHSC
LT.HSC_054,1,0,0,0,0,0,0,0,0,0,0,0,LTHSC
LT.HSC_055,1,0,0,0,0,0,0,0,0,0,0,0,LTHSC
LT.HSC_056,1,0,0,0,0,0,0,0,0,0,0,0,LTHSC
LT.HSC_057,1,0,0,0,0,0,0,0,0,0,0,0,LTHSC
LT.HSC_058,1,0,0,0,0,0,0,0,0,0,0,0,LTHSC
LT.HSC_060,1,0,0,0,0,0,0,0,0,0,0,0,LTHSC
LT.HSC_062,1,0,0,0,0,0,0,0,0,0,0,0,LTHSC
LT.HSC_063,1,0,0,0,0,0,0,0,0,0,0,0,LTHSC
LT.HSC_064,1,0,0,0,0,0,0,0,0,0,0,0,LTHSC
LT.HSC_065,1,0,0,0,0,0,0,0,0,0,0,0,LTHSC
LT.HSC_066,1,0,0,0,0,0,0,0,0,0,0,0,LTHSC
LT.HSC_068,1,0,0,0,0,0,0,0,0,0,0,0,LTHSC
LT.HSC_069,0,0,0,0,0,0,0,0,0,0,1,0,LTHSC-ESLAM
LT.HSC_070,1,0,0,0,0,0,0,0,0,0,0,0,LTHSC
LT.HSC_071,1,0,0,0,0,0,0,0,0,0,0,0,LTHSC
LT.HSC_072,1,0,0,0,0,0,0,0,0,0,0,0,LTHSC
LT.HSC_073,1,0,0,0,0,0,0,0,0,0,0,0,LTHSC
LT.HSC_074,1,0,0,0,0,0,0,0,0,0,0,0,LTHSC
LT.HSC_075,1,0,0,0,0,0,0,0,0,0,0,0,LTHSC
LT.HSC_076,0,0,0,0,0,0,0,0,0,0,1,0,LTHSC-ESLAM
LT.HSC_077,1,0,0,0,0,0,0,0,0,0,0,0,LTHSC
LT.HSC_078,1,0,0,0,0,0,0,0,0,0,0,0,LTHSC
LT.HSC_080,1,0,0,0,0,0,0,0,0,0,0,0,LTHSC
LT.HSC_081,1,0,0,0,0,0,0,0,0,0,0,0,LTHSC
LT.HSC_082,1,0,0,0,0,0,0,0,0,0,0,0,LTHSC
LT.HSC_085,0,0,0,0,0,0,0,0,0,0,1,0,LTHSC-ESLAM
LT.HSC_086,0,0,0,0,0,0,0,0,0,0,1,0,LTHSC-ESLAM
LT.HSC_088,1,0,0,0,0,0,0,0,0,0,0,0,LTHSC
LT.HSC_089,0,0,0,0,0,0,0,0,0,0,1,0,LTHSC-ESLAM
LT.HSC_090,0,0,0,0,0,0,0,0,0,0,1,0,LTHSC-ESLAM
LT.HSC_091,1,0,0,0,0,0,0,0,0,0,0,0,LTHSC
LT.HSC_093,1,0,0,0,0,0,0,0,0,0,0,0,LTHSC
LT.HSC_094,1,0,0,0,0,0,0,0,0,0,0,0,LTHSC
LT.HSC_095,1,0,0,0,0,0,0,0,0,0,0,0,LTHSC
LT.HSC_096,1,0,0,0,0,0,0,0,0,0,0,0,LTHSC
LT.HSC_098,1,0,0,0,0,0,0,0,0,0,0,0,LTHSC
LT.HSC_100,1,0,0,0,0,0,0,0,0,0,0,0,LTHSC
LT.HSC_101,1,0,0,0,0,0,0,0,0,0,0,0,LTHSC
LT.HSC_102,1,0,0,0,0,0,0,0,0,0,0,0,LTHSC
LT.HSC_103,1,0,0,0,0,0,0,0,0,0,0,0,LTHSC
LT.HSC_105,1,0,0,0,0,0,0,0,0,0,0,0,LTHSC
LT.HSC_106,1,0,0,0,0,0,0,0,0,0,0,0,LTHSC
LT.HSC_107,1,0,0,0,0,0,0,0,0,0,0,0,LTHSC
LT.HSC_109,1,0,0,0,0,0,0,0,0,0,0,0,LTHSC
LT.HSC_110,0,0,0,0,0,0,0,0,0,0,1,0,LTHSC-ESLAM
LT.HSC_111,1,0,0,0,0,0,0,0,0,0,0,0,LTHSC
LT.HSC_112,0,0,0,0,0,0,0,0,0,0,1,0,LTHSC-ESLAM
LT.HSC_113,1,0,0,0,0,0,0,0,0,0,0,0,LTHSC
LT.HSC_114,1,0,0,0,0,0,0,0,0,0,0,0,LTHSC
LT.HSC_115,1,0,0,0,0,0,0,0,0,0,0,0,LTHSC
LT.HSC_116,1,0,0,0,0,0,0,0,0,0,0,0,LTHSC
LT.HSC_117,1,0,0,0,0,0,0,0,0,0,0,0,LTHSC
LT.HSC_120,1,0,0,0,0,0,0,0,0,0,0,0,LTHSC
LT.HSC_122,1,0,0,0,0,0,0,0,0,0,0,0,LTHSC
LT.HSC_123,1,0,0,0,0,0,0,0,0,0,0,0,LTHSC
LT.HSC_124,1,0,0,0,0,0,0,0,0,0,0,0,LTHSC
LT.HSC_125,1,0,0,0,0,0,0,0,0,0,0,0,LTHSC
LT.HSC_126,1,0,0,0,0,0,0,0,0,0,0,0,LTHSC
LT.HSC_128,1,0,0,0,0,0,0,0,0,0,0,0,LTHSC
LT.HSC_130,1,0,0,0,0,0,0,0,0,0,0,0,LTHSC
LT.HSC_131,1,0,0,0,0,0,0,0,0,0,0,0,LTHSC
LT.HSC_132,1,0,0,0,0,0,0,0,0,0,0,0,LTHSC
LT.HSC_137,0,0,0,0,0,0,0,0,0,0,1,0,LTHSC-ESLAM
LT.HSC_138,0,0,0,0,0,0,0,0,0,0,1,0,LTHSC-ESLAM
LT.HSC_139,1,0,0,0,0,0,0,0,0,0,0,0,LTHSC
LT.HSC_140,1,0,0,0,0,0,0,0,0,0,0,0,LTHSC
LT.HSC_142,1,0,0,0,0,0,0,0,0,0,0,0,LTHSC
LT.HSC_144,1,0,0,0,0,0,0,0,0,0,0,0,LTHSC
LT.HSC_145,1,0,0,0,0,0,0,0,0,0,0,0,LTHSC
LT.HSC_146,1,0,0,0,0,0,0,0,0,0,0,0,LTHSC
LT.HSC_147,1,0,0,0,0,0,0,0,0,0,0,0,LTHSC
LT.HSC_148,1,0,0,0,0,0,0,0,0,0,0,0,LTHSC
LT.HSC_149,1,0,0,0,0,0,0,0,0,0,0,0,LTHSC
LT.HSC_150,1,0,0,0,0,0,0,0,0,0,0,0,LTHSC
LT.HSC_151,1,0,0,0,0,0,0,0,0,0,0,0,LTHSC
LT.HSC_152,1,0,0,0,0,0,0,0,0,0,0,0,LTHSC
LT.HSC_156,1,0,0,0,0,0,0,0,0,0,0,0,LTHSC
LT.HSC_158,1,0,0,0,0,0,0,0,0,0,0,0,LTHSC
LT.HSC_159,1,0,0,0,0,0,0,0,0,0,0,0,LTHSC
LT.HSC_161,1,0,0,0,0,0,0,0,0,0,0,0,LTHSC
LT.HSC_163,0,0,0,0,0,0,0,0,0,0,1,0,LTHSC-ESLAM
LT.HSC_164,0,0,0,0,0,0,0,0,0,0,1,0,LTHSC-ESLAM
LT.HSC_165,1,0,0,0,0,0,0,0,0,0,0,0,LTHSC
LT.HSC_166,1,0,0,0,0,0,0,0,0,0,0,0,LTHSC
LT.HSC_167,0,0,0,0,0,0,0,0,0,0,1,0,LTHSC-ESLAM
LT.HSC_169,1,0,0,0,0,0,0,0,0,0,0,0,LTHSC
LT.HSC_170,1,0,0,0,0,0,0,0,0,0,0,0,LTHSC
LT.HSC_171,1,0,0,0,0,0,0,0,0,0,0,0,LTHSC
LT.HSC_172,0,0,0,0,0,0,0,0,0,0,1,0,LTHSC-ESLAM
LT.HSC_173,1,0,0,0,0,0,0,0,0,0,0,0,LTHSC
LT.HSC_174,1,0,0,0,0,0,0,0,0,0,0,0,LTHSC
LT.HSC_176,0,0,0,0,0,0,0,0,0,0,1,0,LTHSC-ESLAM
LT.HSC_177,1,0,0,0,0,0,0,0,0,0,0,0,LTHSC
LT.HSC_179,1,0,0,0,0,0,0,0,0,0,0,0,LTHSC
LT.HSC_180,1,0,0,0,0,0,0,0,0,0,0,0,LTHSC
LT.HSC_183,1,0,0,0,0,0,0,0,0,0,0,0,LTHSC
LT.HSC_184,1,0,0,0,0,0,0,0,0,0,0,0,LTHSC
LT.HSC_187,1,0,0,0,0,0,0,0,0,0,0,0,LTHSC
LT.HSC_188,1,0,0,0,0,0,0,0,0,0,0,0,LTHSC
LT.HSC_191,1,0,0,0,0,0,0,0,0,0,0,0,LTHSC
LT.HSC_192,1,0,0,0,0,0,0,0,0,0,0,0,LTHSC
LT.HSC_193,1,0,0,0,0,0,0,0,0,0,0,0,LTHSC
LT.HSC_194,1,0,0,0,0,0,0,0,0,0,0,0,LTHSC
LT.HSC_195,1,0,0,0,0,0,0,0,0,0,0,0,LTHSC
LT.HSC_197,0,0,0,0,0,0,0,0,0,0,1,0,LTHSC-ESLAM
LT.HSC_198,1,0,0,0,0,0,0,0,0,0,0,0,LTHSC
LT.HSC_200,0,0,0,0,0,0,0,0,0,0,1,0,LTHSC-ESLAM
LT.HSC_201,0,0,0,0,0,0,0,0,0,0,1,0,LTHSC-ESLAM
LT.HSC_204,1,0,0,0,0,0,0,0,0,0,0,0,LTHSC
LT.HSC_206,0,0,0,0,0,0,0,0,0,0,1,0,LTHSC-ESLAM
LT.HSC_207,1,0,0,0,0,0,0,0,0,0,0,0,LTHSC
LT.HSC_208,1,0,0,0,0,0,0,0,0,0,0,0,LTHSC
LT.HSC_210,1,0,0,0,0,0,0,0,0,0,0,0,LTHSC
LT.HSC_211,1,0,0,0,0,0,0,0,0,0,0,0,LTHSC
LT.HSC_212,1,0,0,0,0,0,0,0,0,0,0,0,LTHSC
LT.HSC_213,1,0,0,0,0,0,0,0,0,0,0,0,LTHSC
LT.HSC_214,1,0,0,0,0,0,0,0,0,0,0,0,LTHSC
LT.HSC_215,1,0,0,0,0,0,0,0,0,0,0,0,LTHSC
Prog_001,0,0,0,0,0,1,0,0,0,0,0,0,GMP
Prog_002,0,0,0,0,1,0,0,0,0,0,0,0,MEP
Prog_003,0,0,0,0,1,0,0,0,0,0,0,0,MEP
Prog_004,0,0,0,0,1,0,0,0,0,0,0,0,MEP
Prog_006,0,0,0,0,1,0,0,0,0,0,0,0,MEP
Prog_007,0,0,0,0,0,1,0,0,0,0,0,0,GMP
Prog_008,0,0,0,0,1,0,0,0,0,0,0,0,MEP
Prog_009,0,0,0,0,1,0,0,0,0,0,0,0,MEP
Prog_010,0,0,0,1,0,0,0,0,0,0,0,0,CMP
Prog_011,0,0,0,0,1,0,0,0,0,0,0,0,MEP
Prog_012,0,0,0,1,0,0,0,0,0,0,0,0,CMP
Prog_013,0,0,0,1,0,0,0,0,0,0,0,0,CMP
Prog_014,0,0,0,0,1,0,0,0,0,0,0,0,MEP
Prog_015,0,0,0,1,0,0,0,0,0,0,0,0,CMP
Prog_016,0,0,0,0,1,0,0,0,0,0,0,0,MEP
Prog_017,0,0,0,0,0,1,0,0,0,0,0,0,GMP
Prog_018,0,0,0,0,1,0,0,0,0,0,0,0,MEP
Prog_019,0,0,0,1,0,0,0,0,0,0,0,0,CMP
Prog_020,0,0,0,0,1,0,0,0,0,0,0,0,MEP
Prog_021,0,0,0,0,1,0,0,0,0,0,0,0,MEP
Prog_022,0,0,0,0,1,0,0,0,0,0,0,0,MEP
Prog_023,0,0,0,0,1,0,0,0,0,0,0,0,MEP
Prog_024,0,0,0,0,1,0,0,0,0,0,0,0,MEP
Prog_025,0,0,0,0,1,0,0,0,0,0,0,0,MEP
Prog_026,0,0,0,0,0,1,0,0,0,0,0,0,GMP
Prog_027,0,0,0,1,0,0,0,0,0,0,0,0,CMP
Prog_028,0,0,0,0,1,0,0,0,0,0,0,0,MEP
Prog_029,0,0,0,0,1,0,0,0,0,0,0,0,MEP
Prog_030,0,0,0,1,0,0,0,0,0,0,0,0,CMP
Prog_031,0,0,0,0,0,1,0,0,0,0,0,0,GMP
Prog_032,0,0,0,0,1,0,0,0,0,0,0,0,MEP
Prog_033,0,0,0,0,1,0,0,0,0,0,0,0,MEP
Prog_035,0,0,0,0,1,0,0,0,0,0,0,0,MEP
Prog_036,0,0,0,0,0,0,0,0,0,0,0,1,unknown
Prog_037,0,0,0,1,0,0,0,0,0,0,0,0,CMP
Prog_038,0,0,0,0,1,0,0,0,0,0,0,0,MEP
Prog_039,0,0,0,0,1,0,0,0,0,0,0,0,MEP
Prog_040,0,0,0,1,0,0,0,0,0,0,0,0,CMP
Prog_042,0,0,0,0,1,0,0,0,0,0,0,0,MEP
Prog_043,0,0,0,0,1,0,0,0,0,0,0,0,MEP
Prog_044,0,0,0,1,0,0,0,0,0,0,0,0,CMP
Prog_045,0,0,0,0,1,0,0,0,0,0,0,0,MEP
Prog_046,0,0,0,0,1,0,0,0,0,0,0,0,MEP
Prog_047,0,0,0,0,0,1,0,0,0,0,0,0,GMP
Prog_048,0,0,0,0,0,1,0,0,0,0,0,0,GMP
Prog_049,0,0,0,0,1,0,0,0,0,0,0,0,MEP
Prog_050,0,0,0,0,0,1,0,0,0,0,0,0,GMP
Prog_051,0,0,0,0,1,0,0,0,0,0,0,0,MEP
Prog_052,0,0,0,1,0,0,0,0,0,0,0,0,CMP
Prog_053,0,0,0,0,1,0,0,0,0,0,0,0,MEP
Prog_055,0,0,0,1,0,0,0,0,0,0,0,0,CMP
Prog_056,0,0,0,0,1,0,0,0,0,0,0,0,MEP
Prog_057,0,0,0,0,0,1,0,0,0,0,0,0,GMP
Prog_058,0,0,0,0,1,0,0,0,0,0,0,0,MEP
Prog_059,0,0,0,0,1,0,0,0,0,0,0,0,MEP
Prog_060,0,0,0,0,1,0,0,0,0,0,0,0,MEP
Prog_061,0,0,0,0,1,0,0,0,0,0,0,0,MEP
Prog_062,0,0,0,1,0,0,0,0,0,0,0,0,CMP
Prog_063,0,0,0,0,0,1,0,0,0,0,0,0,GMP
Prog_064,0,0,0,0,1,0,0,0,0,0,0,0,MEP
Prog_065,0,0,0,0,0,1,0,0,0,0,0,0,GMP
Prog_066,0,0,0,1,0,0,0,0,0,0,0,0,CMP
Prog_067,0,0,0,0,1,0,0,0,0,0,0,0,MEP
Prog_068,0,0,0,1,0,0,0,0,0,0,0,0,CMP
Prog_069,0,0,0,1,0,0,0,0,0,0,0,0,CMP
Prog_070,0,0,0,1,0,0,0,0,0,0,0,0,CMP
Prog_071,0,0,0,1,0,0,0,0,0,0,0,0,CMP
Prog_072,0,0,0,0,1,0,0,0,0,0,0,0,MEP
Prog_073,0,0,0,1,0,0,0,0,0,0,0,0,CMP
Prog_074,0,0,0,0,1,0,0,0,0,0,0,0,MEP
Prog_075,0,0,0,0,0,1,0,0,0,0,0,0,GMP
Prog_076,0,0,0,0,1,0,0,0,0,0,0,0,MEP
Prog_077,0,0,0,0,0,1,0,0,0,0,0,0,GMP
Prog_078,0,0,0,0,1,0,0,0,0,0,0,0,MEP
Prog_079,0,0,0,0,1,0,0,0,0,0,0,0,MEP
Prog_080,0,0,0,0,0,1,0,0,0,0,0,0,GMP
Prog_081,0,0,0,0,1,0,0,0,0,0,0,0,MEP
Prog_082,0,0,0,0,1,0,0,0,0,0,0,0,MEP
Prog_083,0,0,0,1,0,0,0,0,0,0,0,0,CMP
Prog_084,0,0,0,1,0,0,0,0,0,0,0,0,CMP
Prog_085,0,0,0,0,1,0,0,0,0,0,0,0,MEP
Prog_087,0,0,0,0,0,1,0,0,0,0,0,0,GMP
Prog_088,0,0,0,1,0,0,0,0,0,0,0,0,CMP
Prog_089,0,0,0,0,1,0,0,0,0,0,0,0,MEP
Prog_090,0,0,0,0,1,0,0,0,0,0,0,0,MEP
Prog_091,0,0,0,0,1,0,0,0,0,0,0,0,MEP
Prog_092,0,0,0,1,0,0,0,0,0,0,0,0,CMP
Prog_093,0,0,0,1,0,0,0,0,0,0,0,0,CMP
Prog_094,0,0,0,0,1,0,0,0,0,0,0,0,MEP
Prog_095,0,0,0,0,1,0,0,0,0,0,0,0,MEP
Prog_096,0,0,0,1,0,0,0,0,0,0,0,0,CMP
Prog_097,0,0,0,0,0,1,0,0,0,0,0,0,GMP
Prog_098,0,0,0,0,1,0,0,0,0,0,0,0,MEP
Prog_099,0,0,0,0,1,0,0,0,0,0,0,0,MEP
Prog_100,0,0,0,0,1,0,0,0,0,0,0,0,MEP
Prog_101,0,0,0,1,0,0,0,0,0,0,0,0,CMP
Prog_102,0,0,0,0,1,0,0,0,0,0,0,0,MEP
Prog_103,0,0,0,1,0,0,0,0,0,0,0,0,CMP
Prog_105,0,0,0,0,0,1,0,0,0,0,0,0,GMP
Prog_106,0,0,0,1,0,0,0,0,0,0,0,0,CMP
Prog_107,0,0,0,0,1,0,0,0,0,0,0,0,MEP
Prog_108,0,0,0,1,0,0,0,0,0,0,0,0,CMP
Prog_109,0,0,0,0,0,1,0,0,0,0,0,0,GMP
Prog_110,0,0,0,0,1,0,0,0,0,0,0,0,MEP
Prog_111,0,0,0,0,1,0,0,0,0,0,0,0,MEP
Prog_112,0,0,0,0,1,0,0,0,0,0,0,0,MEP
Prog_113,0,0,0,1,0,0,0,0,0,0,0,0,CMP
Prog_114,0,0,0,1,0,0,0,0,0,0,0,0,CMP
Prog_115,0,0,0,0,1,0,0,0,0,0,0,0,MEP
Prog_116,0,0,0,1,0,0,0,0,0,0,0,0,CMP
Prog_117,0,0,0,1,0,0,0,0,0,0,0,0,CMP
Prog_118,0,0,0,1,0,0,0,0,0,0,0,0,CMP
Prog_119,0,0,0,0,1,0,0,0,0,0,0,0,MEP
Prog_120,0,0,0,0,1,0,0,0,0,0,0,0,MEP
Prog_122,0,0,0,0,1,0,0,0,0,0,0,0,MEP
Prog_123,0,0,0,0,0,1,0,0,0,0,0,0,GMP
Prog_124,0,0,0,1,0,0,0,0,0,0,0,0,CMP
Prog_125,0,0,0,0,1,0,0,0,0,0,0,0,MEP
Prog_126,0,0,0,1,0,0,0,0,0,0,0,0,CMP
Prog_127,0,0,0,1,0,0,0,0,0,0,0,0,CMP
Prog_128,0,0,0,0,0,1,0,0,0,0,0,0,GMP
Prog_129,0,0,0,0,0,1,0,0,0,0,0,0,GMP
Prog_130,0,0,0,0,0,1,0,0,0,0,0,0,GMP
Prog_131,0,0,0,1,0,0,0,0,0,0,0,0,CMP
Prog_132,0,0,0,1,0,0,0,0,0,0,0,0,CMP
Prog_133,0,0,0,0,0,1,0,0,0,0,0,0,GMP
Prog_134,0,0,0,0,1,0,0,0,0,0,0,0,MEP
Prog_135,0,0,0,1,0,0,0,0,0,0,0,0,CMP
Prog_136,0,0,0,1,0,0,0,0,0,0,0,0,CMP
Prog_137,0,0,0,0,0,1,0,0,0,0,0,0,GMP
Prog_138,0,0,0,1,0,0,0,0,0,0,0,0,CMP
Prog_139,0,0,0,0,1,0,0,0,0,0,0,0,MEP
Prog_140,0,0,0,0,1,0,0,0,0,0,0,0,MEP
Prog_141,0,0,0,0,0,1,0,0,0,0,0,0,GMP
Prog_142,0,0,0,1,0,0,0,0,0,0,0,0,CMP
Prog_143,0,0,0,1,0,0,0,0,0,0,0,0,CMP
Prog_144,0,0,0,1,0,0,0,0,0,0,0,0,CMP
Prog_145,0,0,0,1,0,0,0,0,0,0,0,0,CMP
Prog_146,0,0,0,0,0,1,0,0,0,0,0,0,GMP
Prog_149,0,0,0,1,0,0,0,0,0,0,0,0,CMP
Prog_151,0,0,0,1,0,0,0,0,0,0,0,0,CMP
Prog_152,0,0,0,1,0,0,0,0,0,0,0,0,CMP
Prog_153,0,0,0,0,1,0,0,0,0,0,0,0,MEP
Prog_154,0,0,0,1,0,0,0,0,0,0,0,0,CMP
Prog_155,0,0,0,1,0,0,0,0,0,0,0,0,CMP
Prog_156,0,0,0,1,0,0,0,0,0,0,0,0,CMP
Prog_157,0,0,0,1,0,0,0,0,0,0,0,0,CMP
Prog_158,0,0,0,0,1,0,0,0,0,0,0,0,MEP
Prog_159,0,0,0,0,1,0,0,0,0,0,0,0,MEP
Prog_160,0,0,0,1,0,0,0,0,0,0,0,0,CMP
Prog_161,0,0,0,1,0,0,0,0,0,0,0,0,CMP
Prog_162,0,0,0,0,0,1,0,0,0,0,0,0,GMP
Prog_163,0,0,0,0,1,0,0,0,0,0,0,0,MEP
Prog_165,0,0,0,1,0,0,0,0,0,0,0,0,CMP
Prog_166,0,0,0,0,1,0,0,0,0,0,0,0,MEP
Prog_167,0,0,0,1,0,0,0,0,0,0,0,0,CMP
Prog_168,0,0,0,0,1,0,0,0,0,0,0,0,MEP
Prog_170,0,0,0,0,1,0,0,0,0,0,0,0,MEP
Prog_171,0,0,0,1,0,0,0,0,0,0,0,0,CMP
Prog_172,0,0,0,0,1,0,0,0,0,0,0,0,MEP
Prog_173,0,0,0,0,0,1,0,0,0,0,0,0,GMP
Prog_176,0,0,0,0,0,1,0,0,0,0,0,0,GMP
Prog_177,0,0,0,0,0,1,0,0,0,0,0,0,GMP
Prog_178,0,0,0,0,1,0,0,0,0,0,0,0,MEP
Prog_179,0,0,0,0,0,1,0,0,0,0,0,0,GMP
Prog_180,0,0,0,0,0,0,0,0,0,0,0,1,unknown
Prog_182,0,0,0,0,0,1,0,0,0,0,0,0,GMP
Prog_183,0,0,0,0,0,1,0,0,0,0,0,0,GMP
Prog_184,0,0,0,0,0,1,0,0,0,0,0,0,GMP
Prog_185,0,0,0,0,1,0,0,0,0,0,0,0,MEP
Prog_186,0,0,0,0,0,1,0,0,0,0,0,0,GMP
Prog_187,0,0,0,0,0,1,0,0,0,0,0,0,GMP
Prog_188,0,0,0,0,1,0,0,0,0,0,0,0,MEP
Prog_189,0,0,0,1,0,0,0,0,0,0,0,0,CMP
Prog_190,0,0,0,1,0,0,0,0,0,0,0,0,CMP
Prog_191,0,0,0,1,0,0,0,0,0,0,0,0,CMP
Prog_193,0,0,0,1,0,0,0,0,0,0,0,0,CMP
Prog_194,0,0,0,0,1,0,0,0,0,0,0,0,MEP
Prog_195,0,0,0,1,0,0,0,0,0,0,0,0,CMP
Prog_196,0,0,0,0,1,0,0,0,0,0,0,0,MEP
Prog_197,0,0,0,1,0,0,0,0,0,0,0,0,CMP
Prog_199,0,0,0,1,0,0,0,0,0,0,0,0,CMP
Prog_200,0,0,0,0,1,0,0,0,0,0,0,0,MEP
Prog_201,0,0,0,1,0,0,0,0,0,0,0,0,CMP
Prog_203,0,0,0,0,0,1,0,0,0,0,0,0,GMP
Prog_204,0,0,0,1,0,0,0,0,0,0,0,0,CMP
Prog_205,0,0,0,0,0,1,0,0,0,0,0,0,GMP
Prog_206,0,0,0,1,0,0,0,0,0,0,0,0,CMP
Prog_207,0,0,0,0,1,0,0,0,0,0,0,0,MEP
Prog_208,0,0,0,0,1,0,0,0,0,0,0,0,MEP
Prog_209,0,0,0,0,1,0,0,0,0,0,0,0,MEP
Prog_210,0,0,0,1,0,0,0,0,0,0,0,0,CMP
Prog_211,0,0,0,0,1,0,0,0,0,0,0,0,MEP
Prog_212,0,0,0,0,1,0,0,0,0,0,0,0,MEP
Prog_213,0,0,0,0,1,0,0,0,0,0,0,0,MEP
Prog_214,0,0,0,1,0,0,0,0,0,0,0,0,CMP
Prog_215,0,0,0,0,1,0,0,0,0,0,0,0,MEP
Prog_216,0,0,0,0,1,0,0,0,0,0,0,0,MEP
Prog_217,0,0,0,0,1,0,0,0,0,0,0,0,MEP
Prog_218,0,0,0,0,1,0,0,0,0,0,0,0,MEP
Prog_221,0,0,0,0,1,0,0,0,0,0,0,0,MEP
Prog_222,0,0,0,1,0,0,0,0,0,0,0,0,CMP
Prog_223,0,0,0,1,0,0,0,0,0,0,0,0,CMP
Prog_224,0,0,0,0,0,1,0,0,0,0,0,0,GMP
Prog_225,0,0,0,1,0,0,0,0,0,0,0,0,CMP
Prog_226,0,0,0,1,0,0,0,0,0,0,0,0,CMP
Prog_227,0,0,0,1,0,0,0,0,0,0,0,0,CMP
Prog_228,0,0,0,0,0,1,0,0,0,0,0,0,GMP
Prog_229,0,0,0,0,1,0,0,0,0,0,0,0,MEP
Prog_230,0,0,0,1,0,0,0,0,0,0,0,0,CMP
Prog_231,0,0,0,1,0,0,0,0,0,0,0,0,CMP
Prog_232,0,0,0,1,0,0,0,0,0,0,0,0,CMP
Prog_233,0,0,0,0,1,0,0,0,0,0,0,0,MEP
Prog_234,0,0,0,1,0,0,0,0,0,0,0,0,CMP
Prog_235,0,0,0,1,0,0,0,0,0,0,0,0,CMP
Prog_236,0,0,0,1,0,0,0,0,0,0,0,0,CMP
Prog_237,0,0,0,1,0,0,0,0,0,0,0,0,CMP
Prog_238,0,0,0,1,0,0,0,0,0,0,0,0,CMP
Prog_239,0,0,0,0,1,0,0,0,0,0,0,0,MEP
Prog_240,0,0,0,0,1,0,0,0,0,0,0,0,MEP
Prog_241,0,0,0,0,1,0,0,0,0,0,0,0,MEP
Prog_242,0,0,0,0,1,0,0,0,0,0,0,0,MEP
Prog_243,0,0,0,1,0,0,0,0,0,0,0,0,CMP
Prog_244,0,0,0,1,0,0,0,0,0,0,0,0,CMP
Prog_245,0,0,0,0,0,1,0,0,0,0,0,0,GMP
Prog_246,0,0,0,1,0,0,0,0,0,0,0,0,CMP
Prog_247,0,0,0,0,1,0,0,0,0,0,0,0,MEP
Prog_248,0,0,0,0,0,1,0,0,0,0,0,0,GMP
Prog_249,0,0,0,0,1,0,0,0,0,0,0,0,MEP
Prog_250,0,0,0,0,1,0,0,0,0,0,0,0,MEP
Prog_252,0,0,0,0,0,1,0,0,0,0,0,0,GMP
Prog_253,0,0,0,0,1,0,0,0,0,0,0,0,MEP
Prog_254,0,0,0,0,1,0,0,0,0,0,0,0,MEP
Prog_255,0,0,0,1,0,0,0,0,0,0,0,0,CMP
Prog_256,0,0,0,1,0,0,0,0,0,0,0,0,CMP
Prog_258,0,0,0,0,0,1,0,0,0,0,0,0,GMP
Prog_259,0,0,0,1,0,0,0,0,0,0,0,0,CMP
Prog_260,0,0,0,1,0,0,0,0,0,0,0,0,CMP
Prog_261,0,0,0,0,1,0,0,0,0,0,0,0,MEP
Prog_262,0,0,0,1,0,0,0,0,0,0,0,0,CMP
Prog_263,0,0,0,1,0,0,0,0,0,0,0,0,CMP
Prog_264,0,0,0,0,0,1,0,0,0,0,0,0,GMP
Prog_265,0,0,0,0,1,0,0,0,0,0,0,0,MEP
Prog_266,0,0,0,1,0,0,0,0,0,0,0,0,CMP
Prog_267,0,0,0,1,0,0,0,0,0,0,0,0,CMP
Prog_268,0,0,0,0,0,1,0,0,0,0,0,0,GMP
Prog_269,0,0,0,0,1,0,0,0,0,0,0,0,MEP
Prog_270,0,0,0,1,0,0,0,0,0,0,0,0,CMP
Prog_271,0,0,0,1,0,0,0,0,0,0,0,0,CMP
Prog_272,0,0,0,0,1,0,0,0,0,0,0,0,MEP
Prog_273,0,0,0,0,0,1,0,0,0,0,0,0,GMP
Prog_274,0,0,0,0,1,0,0,0,0,0,0,0,MEP
Prog_275,0,0,0,0,1,0,0,0,0,0,0,0,MEP
Prog_276,0,0,0,0,1,0,0,0,0,0,0,0,MEP
Prog_277,0,0,0,0,1,0,0,0,0,0,0,0,MEP
Prog_278,0,0,0,0,1,0,0,0,0,0,0,0,MEP
Prog_279,0,0,0,0,1,0,0,0,0,0,0,0,MEP
Prog_280,0,0,0,1,0,0,0,0,0,0,0,0,CMP
Prog_281,0,0,0,0,1,0,0,0,0,0,0,0,MEP
Prog_282,0,0,0,0,1,0,0,0,0,0,0,0,MEP
Prog_283,0,0,0,1,0,0,0,0,0,0,0,0,CMP
Prog_284,0,0,0,0,1,0,0,0,0,0,0,0,MEP
Prog_285,0,0,0,0,1,0,0,0,0,0,0,0,MEP
Prog_286,0,0,0,0,1,0,0,0,0,0,0,0,MEP
Prog_287,0,0,0,1,0,0,0,0,0,0,0,0,CMP
Prog_288,0,0,0,0,1,0,0,0,0,0,0,0,MEP
Prog_289,0,0,0,1,0,0,0,0,0,0,0,0,CMP
Prog_290,0,0,0,0,1,0,0,0,0,0,0,0,MEP
Prog_291,0,0,0,0,1,0,0,0,0,0,0,0,MEP
Prog_292,0,0,0,1,0,0,0,0,0,0,0,0,CMP
Prog_293,0,0,0,1,0,0,0,0,0,0,0,0,CMP
Prog_294,0,0,0,1,0,0,0,0,0,0,0,0,CMP
Prog_295,0,0,0,1,0,0,0,0,0,0,0,0,CMP
Prog_296,0,0,0,1,0,0,0,0,0,0,0,0,CMP
Prog_297,0,0,0,0,0,1,0,0,0,0,0,0,GMP
Prog_298,0,0,0,0,1,0,0,0,0,0,0,0,MEP
Prog_299,0,0,0,0,1,0,0,0,0,0,0,0,MEP
Prog_300,0,0,0,1,0,0,0,0,0,0,0,0,CMP
Prog_301,0,0,0,0,1,0,0,0,0,0,0,0,MEP
Prog_303,0,0,0,1,0,0,0,0,0,0,0,0,CMP
Prog_304,0,0,0,0,0,1,0,0,0,0,0,0,GMP
Prog_305,0,0,0,1,0,0,0,0,0,0,0,0,CMP
Prog_306,0,0,0,0,1,0,0,0,0,0,0,0,MEP
Prog_307,0,0,0,0,0,1,0,0,0,0,0,0,GMP
Prog_308,0,0,0,1,0,0,0,0,0,0,0,0,CMP
Prog_309,0,0,0,1,0,0,0,0,0,0,0,0,CMP
Prog_310,0,0,0,0,0,1,0,0,0,0,0,0,GMP
Prog_311,0,0,0,0,0,1,0,0,0,0,0,0,GMP
Prog_312,0,0,0,0,0,0,0,0,0,0,0,1,unknown
Prog_313,0,0,0,0,0,1,0,0,0,0,0,0,GMP
Prog_314,0,0,0,0,1,0,0,0,0,0,0,0,MEP
Prog_315,0,0,0,0,1,0,0,0,0,0,0,0,MEP
Prog_316,0,0,0,0,1,0,0,0,0,0,0,0,MEP
Prog_318,0,0,0,0,1,0,0,0,0,0,0,0,MEP
Prog_319,0,0,0,1,0,0,0,0,0,0,0,0,CMP
Prog_320,0,0,0,1,0,0,0,0,0,0,0,0,CMP
Prog_321,0,0,0,0,1,0,0,0,0,0,0,0,MEP
Prog_322,0,0,0,0,1,0,0,0,0,0,0,0,MEP
Prog_323,0,0,0,0,1,0,0,0,0,0,0,0,MEP
Prog_324,0,0,0,1,0,0,0,0,0,0,0,0,CMP
Prog_325,0,0,0,0,0,1,0,0,0,0,0,0,GMP
Prog_326,0,0,0,0,1,0,0,0,0,0,0,0,MEP
Prog_327,0,0,0,0,0,1,0,0,0,0,0,0,GMP
Prog_328,0,0,0,0,1,0,0,0,0,0,0,0,MEP
Prog_329,0,0,0,0,1,0,0,0,0,0,0,0,MEP
Prog_330,0,0,0,1,0,0,0,0,0,0,0,0,CMP
Prog_331,0,0,0,1,0,0,0,0,0,0,0,0,CMP
Prog_332,0,0,0,1,0,0,0,0,0,0,0,0,CMP
Prog_333,0,0,0,0,1,0,0,0,0,0,0,0,MEP
Prog_334,0,0,0,0,1,0,0,0,0,0,0,0,MEP
Prog_335,0,0,0,0,0,1,0,0,0,0,0,0,GMP
Prog_336,0,0,0,1,0,0,0,0,0,0,0,0,CMP
Prog_337,0,0,0,0,1,0,0,0,0,0,0,0,MEP
Prog_338,0,0,0,1,0,0,0,0,0,0,0,0,CMP
Prog_339,0,0,0,0,1,0,0,0,0,0,0,0,MEP
Prog_340,0,0,0,0,1,0,0,0,0,0,0,0,MEP
Prog_341,0,0,0,1,0,0,0,0,0,0,0,0,CMP
Prog_342,0,0,0,0,1,0,0,0,0,0,0,0,MEP
Prog_343,0,0,0,0,1,0,0,0,0,0,0,0,MEP
Prog_345,0,0,0,0,1,0,0,0,0,0,0,0,MEP
Prog_346,0,0,0,0,1,0,0,0,0,0,0,0,MEP
Prog_348,0,0,0,1,0,0,0,0,0,0,0,0,CMP
Prog_349,0,0,0,0,1,0,0,0,0,0,0,0,MEP
Prog_350,0,0,0,0,1,0,0,0,0,0,0,0,MEP
Prog_351,0,0,0,0,1,0,0,0,0,0,0,0,MEP
Prog_352,0,0,0,0,1,0,0,0,0,0,0,0,MEP
Prog_353,0,0,0,1,0,0,0,0,0,0,0,0,CMP
Prog_354,0,0,0,1,0,0,0,0,0,0,0,0,CMP
Prog_355,0,0,0,1,0,0,0,0,0,0,0,0,CMP
Prog_356,0,0,0,0,1,0,0,0,0,0,0,0,MEP
Prog_357,0,0,0,0,1,0,0,0,0,0,0,0,MEP
Prog_358,0,0,0,0,1,0,0,0,0,0,0,0,MEP
Prog_359,0,0,0,0,1,0,0,0,0,0,0,0,MEP
Prog_360,0,0,0,0,1,0,0,0,0,0,0,0,MEP
Prog_361,0,0,0,0,1,0,0,0,0,0,0,0,MEP
Prog_362,0,0,0,0,1,0,0,0,0,0,0,0,MEP
Prog_363,0,0,0,0,1,0,0,0,0,0,0,0,MEP
Prog_364,0,0,0,0,1,0,0,0,0,0,0,0,MEP
Prog_366,0,0,0,0,1,0,0,0,0,0,0,0,MEP
Prog_367,0,0,0,0,0,1,0,0,0,0,0,0,GMP
Prog_368,0,0,0,0,1,0,0,0,0,0,0,0,MEP
Prog_369,0,0,0,0,1,0,0,0,0,0,0,0,MEP
Prog_370,0,0,0,0,1,0,0,0,0,0,0,0,MEP
Prog_371,0,0,0,0,0,1,0,0,0,0,0,0,GMP
Prog_372,0,0,0,1,0,0,0,0,0,0,0,0,CMP
Prog_373,0,0,0,0,1,0,0,0,0,0,0,0,MEP
Prog_374,0,0,0,0,1,0,0,0,0,0,0,0,MEP
Prog_375,0,0,0,0,1,0,0,0,0,0,0,0,MEP
Prog_376,0,0,0,0,1,0,0,0,0,0,0,0,MEP
Prog_377,0,0,0,0,1,0,0,0,0,0,0,0,MEP
Prog_378,0,0,0,1,0,0,0,0,0,0,0,0,CMP
Prog_379,0,0,0,0,1,0,0,0,0,0,0,0,MEP
Prog_380,0,0,0,0,1,0,0,0,0,0,0,0,MEP
Prog_381,0,0,0,0,1,0,0,0,0,0,0,0,MEP
Prog_382,0,0,0,1,0,0,0,0,0,0,0,0,CMP
Prog_383,0,0,0,0,1,0,0,0,0,0,0,0,MEP
Prog_384,0,0,0,0,1,0,0,0,0,0,0,0,MEP
Prog_385,0,0,0,0,1,0,0,0,0,0,0,0,MEP
Prog_386,0,0,0,0,1,0,0,0,0,0,0,0,MEP
Prog_387,0,0,0,1,0,0,0,0,0,0,0,0,CMP
Prog_388,0,0,0,0,1,0,0,0,0,0,0,0,MEP
Prog_389,0,0,0,0,1,0,0,0,0,0,0,0,MEP
Prog_390,0,0,0,0,1,0,0,0,0,0,0,0,MEP
Prog_392,0,0,0,0,1,0,0,0,0,0,0,0,MEP
Prog_393,0,0,0,0,1,0,0,0,0,0,0,0,MEP
Prog_394,0,0,0,0,1,0,0,0,0,0,0,0,MEP
Prog_395,0,0,0,0,1,0,0,0,0,0,0,0,MEP
Prog_396,0,0,0,1,0,0,0,0,0,0,0,0,CMP
Prog_397,0,0,0,0,1,0,0,0,0,0,0,0,MEP
Prog_398,0,0,0,0,1,0,0,0,0,0,0,0,MEP
Prog_399,0,0,0,1,0,0,0,0,0,0,0,0,CMP
Prog_401,0,0,0,0,1,0,0,0,0,0,0,0,MEP
Prog_402,0,0,0,0,0,0,0,0,0,0,0,1,unknown
Prog_403,0,0,0,0,1,0,0,0,0,0,0,0,MEP
Prog_404,0,0,0,0,1,0,0,0,0,0,0,0,MEP
Prog_405,0,0,0,0,1,0,0,0,0,0,0,0,MEP
Prog_406,0,0,0,1,0,0,0,0,0,0,0,0,CMP
Prog_407,0,0,0,0,1,0,0,0,0,0,0,0,MEP
Prog_408,0,0,0,0,0,1,0,0,0,0,0,0,GMP
Prog_409,0,0,0,0,1,0,0,0,0,0,0,0,MEP
Prog_410,0,0,0,0,1,0,0,0,0,0,0,0,MEP
Prog_411,0,0,0,0,1,0,0,0,0,0,0,0,MEP
Prog_412,0,0,0,1,0,0,0,0,0,0,0,0,CMP
Prog_413,0,0,0,1,0,0,0,0,0,0,0,0,CMP
Prog_414,0,0,0,1,0,0,0,0,0,0,0,0,CMP
Prog_415,0,0,0,0,1,0,0,0,0,0,0,0,MEP
Prog_416,0,0,0,0,1,0,0,0,0,0,0,0,MEP
Prog_417,0,0,0,0,1,0,0,0,0,0,0,0,MEP
Prog_418,0,0,0,0,1,0,0,0,0,0,0,0,MEP
Prog_419,0,0,0,1,0,0,0,0,0,0,0,0,CMP
Prog_420,0,0,0,0,0,1,0,0,0,0,0,0,GMP
Prog_421,0,0,0,0,1,0,0,0,0,0,0,0,MEP
Prog_422,0,0,0,0,1,0,0,0,0,0,0,0,MEP
Prog_423,0,0,0,1,0,0,0,0,0,0,0,0,CMP
Prog_424,0,0,0,0,1,0,0,0,0,0,0,0,MEP
Prog_425,0,0,0,0,1,0,0,0,0,0,0,0,MEP
Prog_426,0,0,0,1,0,0,0,0,0,0,0,0,CMP
Prog_427,0,0,0,0,0,0,0,0,0,0,0,1,unknown
Prog_428,0,0,0,1,0,0,0,0,0,0,0,0,CMP
Prog_429,0,0,0,0,1,0,0,0,0,0,0,0,MEP
Prog_430,0,0,0,0,1,0,0,0,0,0,0,0,MEP
Prog_431,0,0,0,1,0,0,0,0,0,0,0,0,CMP
Prog_432,0,0,0,0,1,0,0,0,0,0,0,0,MEP
Prog_433,0,0,0,0,1,0,0,0,0,0,0,0,MEP
Prog_434,0,0,0,0,1,0,0,0,0,0,0,0,MEP
Prog_435,0,0,0,0,1,0,0,0,0,0,0,0,MEP
Prog_436,0,0,0,1,0,0,0,0,0,0,0,0,CMP
Prog_437,0,0,0,0,0,1,0,0,0,0,0,0,GMP
Prog_438,0,0,0,0,1,0,0,0,0,0,0,0,MEP
Prog_439,0,0,0,0,1,0,0,0,0,0,0,0,MEP
Prog_440,0,0,0,0,1,0,0,0,0,0,0,0,MEP
Prog_441,0,0,0,0,0,1,0,0,0,0,0,0,GMP
Prog_443,0,0,0,1,0,0,0,0,0,0,0,0,CMP
Prog_444,0,0,0,1,0,0,0,0,0,0,0,0,CMP
Prog_445,0,0,0,1,0,0,0,0,0,0,0,0,CMP
Prog_446,0,0,0,1,0,0,0,0,0,0,0,0,CMP
Prog_447,0,0,0,0,1,0,0,0,0,0,0,0,MEP
Prog_448,0,0,0,1,0,0,0,0,0,0,0,0,CMP
Prog_449,0,0,0,1,0,0,0,0,0,0,0,0,CMP
Prog_450,0,0,0,0,0,1,0,0,0,0,0,0,GMP
Prog_451,0,0,0,0,0,1,0,0,0,0,0,0,GMP
Prog_453,0,0,0,0,1,0,0,0,0,0,0,0,MEP
Prog_454,0,0,0,1,0,0,0,0,0,0,0,0,CMP
Prog_455,0,0,0,0,1,0,0,0,0,0,0,0,MEP
Prog_456,0,0,0,0,1,0,0,0,0,0,0,0,MEP
Prog_457,0,0,0,0,1,0,0,0,0,0,0,0,MEP
Prog_458,0,0,0,1,0,0,0,0,0,0,0,0,CMP
Prog_459,0,0,0,1,0,0,0,0,0,0,0,0,CMP
Prog_460,0,0,0,1,0,0,0,0,0,0,0,0,CMP
Prog_461,0,0,0,0,1,0,0,0,0,0,0,0,MEP
Prog_462,0,0,0,0,1,0,0,0,0,0,0,0,MEP
Prog_463,0,0,0,0,1,0,0,0,0,0,0,0,MEP
Prog_464,0,0,0,1,0,0,0,0,0,0,0,0,CMP
Prog_465,0,0,0,1,0,0,0,0,0,0,0,0,CMP
Prog_466,0,0,0,0,1,0,0,0,0,0,0,0,MEP
Prog_467,0,0,0,1,0,0,0,0,0,0,0,0,CMP
Prog_468,0,0,0,1,0,0,0,0,0,0,0,0,CMP
Prog_469,0,0,0,0,1,0,0,0,0,0,0,0,MEP
Prog_470,0,0,0,0,0,1,0,0,0,0,0,0,GMP
Prog_471,0,0,0,1,0,0,0,0,0,0,0,0,CMP
Prog_472,0,0,0,0,1,0,0,0,0,0,0,0,MEP
Prog_473,0,0,0,0,1,0,0,0,0,0,0,0,MEP
Prog_474,0,0,0,1,0,0,0,0,0,0,0,0,CMP
Prog_475,0,0,0,1,0,0,0,0,0,0,0,0,CMP
Prog_476,0,0,0,1,0,0,0,0,0,0,0,0,CMP
Prog_477,0,0,0,0,1,0,0,0,0,0,0,0,MEP
Prog_478,0,0,0,0,1,0,0,0,0,0,0,0,MEP
Prog_479,0,0,0,0,1,0,0,0,0,0,0,0,MEP
Prog_480,0,0,0,0,0,1,0,0,0,0,0,0,GMP
Prog_481,0,0,0,1,0,0,0,0,0,0,0,0,CMP
Prog_482,0,0,0,0,1,0,0,0,0,0,0,0,MEP
Prog_483,0,0,0,0,1,0,0,0,0,0,0,0,MEP
Prog_484,0,0,0,1,0,0,0,0,0,0,0,0,CMP
Prog_485,0,0,0,0,0,1,0,0,0,0,0,0,GMP
Prog_486,0,0,0,0,1,0,0,0,0,0,0,0,MEP
Prog_487,0,0,0,0,0,1,0,0,0,0,0,0,GMP
Prog_488,0,0,0,1,0,0,0,0,0,0,0,0,CMP
Prog_489,0,0,0,0,0,1,0,0,0,0,0,0,GMP
Prog_490,0,0,0,0,0,1,0,0,0,0,0,0,GMP
Prog_491,0,0,0,0,0,1,0,0,0,0,0,0,GMP
Prog_493,0,0,0,1,0,0,0,0,0,0,0,0,CMP
Prog_494,0,0,0,1,0,0,0,0,0,0,0,0,CMP
Prog_495,0,0,0,1,0,0,0,0,0,0,0,0,CMP
Prog_496,0,0,0,1,0,0,0,0,0,0,0,0,CMP
Prog_497,0,0,0,0,1,0,0,0,0,0,0,0,MEP
Prog_498,0,0,0,1,0,0,0,0,0,0,0,0,CMP
Prog_499,0,0,0,1,0,0,0,0,0,0,0,0,CMP
Prog_500,0,0,0,1,0,0,0,0,0,0,0,0,CMP
Prog_501,0,0,0,1,0,0,0,0,0,0,0,0,CMP
Prog_502,0,0,0,0,1,0,0,0,0,0,0,0,MEP
Prog_503,0,0,0,0,0,1,0,0,0,0,0,0,GMP
Prog_504,0,0,0,1,0,0,0,0,0,0,0,0,CMP
Prog_505,0,0,0,1,0,0,0,0,0,0,0,0,CMP
Prog_506,0,0,0,1,0,0,0,0,0,0,0,0,CMP
Prog_507,0,0,0,0,1,0,0,0,0,0,0,0,MEP
Prog_508,0,0,0,0,1,0,0,0,0,0,0,0,MEP
Prog_509,0,0,0,0,1,0,0,0,0,0,0,0,MEP
Prog_510,0,0,0,0,1,0,0,0,0,0,0,0,MEP
Prog_511,0,0,0,0,1,0,0,0,0,0,0,0,MEP
Prog_513,0,0,0,0,1,0,0,0,0,0,0,0,MEP
Prog_514,0,0,0,1,0,0,0,0,0,0,0,0,CMP
Prog_515,0,0,0,1,0,0,0,0,0,0,0,0,CMP
Prog_516,0,0,0,0,1,0,0,0,0,0,0,0,MEP
Prog_517,0,0,0,0,0,1,0,0,0,0,0,0,GMP
Prog_518,0,0,0,1,0,0,0,0,0,0,0,0,CMP
Prog_519,0,0,0,1,0,0,0,0,0,0,0,0,CMP
Prog_520,0,0,0,0,0,1,0,0,0,0,0,0,GMP
Prog_521,0,0,0,1,0,0,0,0,0,0,0,0,CMP
Prog_523,0,0,0,0,1,0,0,0,0,0,0,0,MEP
Prog_524,0,0,0,1,0,0,0,0,0,0,0,0,CMP
Prog_525,0,0,0,0,0,1,0,0,0,0,0,0,GMP
Prog_526,0,0,0,1,0,0,0,0,0,0,0,0,CMP
Prog_527,0,0,0,1,0,0,0,0,0,0,0,0,CMP
Prog_528,0,0,0,0,0,1,0,0,0,0,0,0,GMP
Prog_529,0,0,0,1,0,0,0,0,0,0,0,0,CMP
Prog_530,0,0,0,1,0,0,0,0,0,0,0,0,CMP
Prog_531,0,0,0,1,0,0,0,0,0,0,0,0,CMP
Prog_532,0,0,0,0,0,1,0,0,0,0,0,0,GMP
Prog_533,0,0,0,0,1,0,0,0,0,0,0,0,MEP
Prog_535,0,0,0,0,1,0,0,0,0,0,0,0,MEP
Prog_536,0,0,0,0,1,0,0,0,0,0,0,0,MEP
Prog_537,0,0,0,1,0,0,0,0,0,0,0,0,CMP
Prog_539,0,0,0,0,1,0,0,0,0,0,0,0,MEP
Prog_541,0,0,0,0,0,1,0,0,0,0,0,0,GMP
Prog_542,0,0,0,0,0,1,0,0,0,0,0,0,GMP
Prog_543,0,0,0,0,1,0,0,0,0,0,0,0,MEP
Prog_545,0,0,0,0,1,0,0,0,0,0,0,0,MEP
Prog_546,0,0,0,0,0,1,0,0,0,0,0,0,GMP
Prog_547,0,0,0,0,1,0,0,0,0,0,0,0,MEP
Prog_548,0,0,0,0,1,0,0,0,0,0,0,0,MEP
Prog_549,0,0,0,1,0,0,0,0,0,0,0,0,CMP
Prog_550,0,0,0,1,0,0,0,0,0,0,0,0,CMP
Prog_551,0,0,0,1,0,0,0,0,0,0,0,0,CMP
Prog_552,0,0,0,1,0,0,0,0,0,0,0,0,CMP
Prog_553,0,0,0,0,1,0,0,0,0,0,0,0,MEP
Prog_554,0,0,0,0,0,1,0,0,0,0,0,0,GMP
Prog_555,0,0,0,0,1,0,0,0,0,0,0,0,MEP
Prog_556,0,0,0,0,1,0,0,0,0,0,0,0,MEP
Prog_557,0,0,0,0,1,0,0,0,0,0,0,0,MEP
Prog_558,0,0,0,1,0,0,0,0,0,0,0,0,CMP
Prog_559,0,0,0,1,0,0,0,0,0,0,0,0,CMP
Prog_560,0,0,0,1,0,0,0,0,0,0,0,0,CMP
Prog_561,0,0,0,1,0,0,0,0,0,0,0,0,CMP
Prog_562,0,0,0,0,1,0,0,0,0,0,0,0,MEP
Prog_564,0,0,0,0,1,0,0,0,0,0,0,0,MEP
Prog_565,0,0,0,0,0,1,0,0,0,0,0,0,GMP
Prog_566,0,0,0,0,1,0,0,0,0,0,0,0,MEP
Prog_567,0,0,0,1,0,0,0,0,0,0,0,0,CMP
Prog_568,0,0,0,0,1,0,0,0,0,0,0,0,MEP
Prog_569,0,0,0,1,0,0,0,0,0,0,0,0,CMP
Prog_570,0,0,0,0,1,0,0,0,0,0,0,0,MEP
Prog_571,0,0,0,0,1,0,0,0,0,0,0,0,MEP
Prog_572,0,0,0,1,0,0,0,0,0,0,0,0,CMP
Prog_573,0,0,0,1,0,0,0,0,0,0,0,0,CMP
Prog_574,0,0,0,0,0,1,0,0,0,0,0,0,GMP
Prog_575,0,0,0,0,1,0,0,0,0,0,0,0,MEP
Prog_576,0,0,0,0,0,1,0,0,0,0,0,0,GMP
Prog_577,0,0,0,1,0,0,0,0,0,0,0,0,CMP
Prog_578,0,0,0,1,0,0,0,0,0,0,0,0,CMP
Prog_579,0,0,0,1,0,0,0,0,0,0,0,0,CMP
Prog_580,0,0,0,0,1,0,0,0,0,0,0,0,MEP
Prog_581,0,0,0,1,0,0,0,0,0,0,0,0,CMP
Prog_582,0,0,0,1,0,0,0,0,0,0,0,0,CMP
Prog_583,0,0,0,1,0,0,0,0,0,0,0,0,CMP
Prog_584,0,0,0,0,0,1,0,0,0,0,0,0,GMP
Prog_585,0,0,0,0,1,0,0,0,0,0,0,0,MEP
Prog_586,0,0,0,1,0,0,0,0,0,0,0,0,CMP
Prog_587,0,0,0,1,0,0,0,0,0,0,0,0,CMP
Prog_588,0,0,0,0,1,0,0,0,0,0,0,0,MEP
Prog_589,0,0,0,0,1,0,0,0,0,0,0,0,MEP
Prog_590,0,0,0,1,0,0,0,0,0,0,0,0,CMP
Prog_592,0,0,0,0,1,0,0,0,0,0,0,0,MEP
Prog_593,0,0,0,1,0,0,0,0,0,0,0,0,CMP
Prog_594,0,0,0,0,1,0,0,0,0,0,0,0,MEP
Prog_595,0,0,0,1,0,0,0,0,0,0,0,0,CMP
Prog_596,0,0,0,1,0,0,0,0,0,0,0,0,CMP
Prog_597,0,0,0,0,0,1,0,0,0,0,0,0,GMP
Prog_598,0,0,0,1,0,0,0,0,0,0,0,0,CMP
Prog_599,0,0,0,1,0,0,0,0,0,0,0,0,CMP
Prog_600,0,0,0,1,0,0,0,0,0,0,0,0,CMP
Prog_602,0,0,0,1,0,0,0,0,0,0,0,0,CMP
Prog_603,0,0,0,0,1,0,0,0,0,0,0,0,MEP
Prog_604,0,0,0,1,0,0,0,0,0,0,0,0,CMP
Prog_605,0,0,0,0,1,0,0,0,0,0,0,0,MEP
Prog_606,0,0,0,1,0,0,0,0,0,0,0,0,CMP
Prog_607,0,0,0,1,0,0,0,0,0,0,0,0,CMP
Prog_609,0,0,0,1,0,0,0,0,0,0,0,0,CMP
Prog_610,0,0,0,0,1,0,0,0,0,0,0,0,MEP
Prog_611,0,0,0,0,1,0,0,0,0,0,0,0,MEP
Prog_612,0,0,0,0,0,1,0,0,0,0,0,0,GMP
Prog_613,0,0,0,0,1,0,0,0,0,0,0,0,MEP
Prog_614,0,0,0,1,0,0,0,0,0,0,0,0,CMP
Prog_615,0,0,0,0,1,0,0,0,0,0,0,0,MEP
Prog_616,0,0,0,0,1,0,0,0,0,0,0,0,MEP
Prog_617,0,0,0,1,0,0,0,0,0,0,0,0,CMP
Prog_618,0,0,0,0,1,0,0,0,0,0,0,0,MEP
Prog_619,0,0,0,1,0,0,0,0,0,0,0,0,CMP
Prog_620,0,0,0,1,0,0,0,0,0,0,0,0,CMP
Prog_621,0,0,0,1,0,0,0,0,0,0,0,0,CMP
Prog_622,0,0,0,1,0,0,0,0,0,0,0,0,CMP
Prog_623,0,0,0,1,0,0,0,0,0,0,0,0,CMP
Prog_624,0,0,0,1,0,0,0,0,0,0,0,0,CMP
Prog_625,0,0,0,1,0,0,0,0,0,0,0,0,CMP
Prog_626,0,0,0,1,0,0,0,0,0,0,0,0,CMP
Prog_627,0,0,0,0,0,1,0,0,0,0,0,0,GMP
Prog_628,0,0,0,0,0,1,0,0,0,0,0,0,GMP
Prog_629,0,0,0,1,0,0,0,0,0,0,0,0,CMP
Prog_631,0,0,0,1,0,0,0,0,0,0,0,0,CMP
Prog_632,0,0,0,0,1,0,0,0,0,0,0,0,MEP
Prog_633,0,0,0,0,0,1,0,0,0,0,0,0,GMP
Prog_634,0,0,0,1,0,0,0,0,0,0,0,0,CMP
Prog_635,0,0,0,1,0,0,0,0,0,0,0,0,CMP
Prog_636,0,0,0,0,0,1,0,0,0,0,0,0,GMP
Prog_637,0,0,0,0,1,0,0,0,0,0,0,0,MEP
Prog_638,0,0,0,0,1,0,0,0,0,0,0,0,MEP
Prog_639,0,0,0,0,1,0,0,0,0,0,0,0,MEP
Prog_640,0,0,0,0,1,0,0,0,0,0,0,0,MEP
Prog_641,0,0,0,1,0,0,0,0,0,0,0,0,CMP
Prog_642,0,0,0,1,0,0,0,0,0,0,0,0,CMP
Prog_643,0,0,0,1,0,0,0,0,0,0,0,0,CMP
Prog_644,0,0,0,0,0,1,0,0,0,0,0,0,GMP
Prog_645,0,0,0,1,0,0,0,0,0,0,0,0,CMP
Prog_646,0,0,0,0,1,0,0,0,0,0,0,0,MEP
Prog_647,0,0,0,1,0,0,0,0,0,0,0,0,CMP
Prog_648,0,0,0,1,0,0,0,0,0,0,0,0,CMP
Prog_649,0,0,0,0,0,0,0,0,0,0,0,1,unknown
Prog_650,0,0,0,0,0,1,0,0,0,0,0,0,GMP
Prog_651,0,0,0,0,1,0,0,0,0,0,0,0,MEP
Prog_652,0,0,0,1,0,0,0,0,0,0,0,0,CMP
Prog_653,0,0,0,1,0,0,0,0,0,0,0,0,CMP
Prog_654,0,0,0,1,0,0,0,0,0,0,0,0,CMP
Prog_655,0,0,0,0,1,0,0,0,0,0,0,0,MEP
Prog_657,0,0,0,0,1,0,0,0,0,0,0,0,MEP
Prog_658,0,0,0,1,0,0,0,0,0,0,0,0,CMP
Prog_659,0,0,0,1,0,0,0,0,0,0,0,0,CMP
Prog_661,0,0,0,0,0,1,0,0,0,0,0,0,GMP
Prog_662,0,0,0,1,0,0,0,0,0,0,0,0,CMP
Prog_663,0,0,0,0,1,0,0,0,0,0,0,0,MEP
Prog_665,0,0,0,1,0,0,0,0,0,0,0,0,CMP
Prog_666,0,0,0,0,0,1,0,0,0,0,0,0,GMP
Prog_667,0,0,0,0,1,0,0,0,0,0,0,0,MEP
Prog_668,0,0,0,1,0,0,0,0,0,0,0,0,CMP
Prog_669,0,0,0,0,1,0,0,0,0,0,0,0,MEP
Prog_670,0,0,0,1,0,0,0,0,0,0,0,0,CMP
Prog_671,0,0,0,0,1,0,0,0,0,0,0,0,MEP
Prog_672,0,0,0,0,1,0,0,0,0,0,0,0,MEP
Prog_673,0,0,0,0,0,1,0,0,0,0,0,0,GMP
Prog_674,0,0,0,0,0,1,0,0,0,0,0,0,GMP
Prog_675,0,0,0,0,0,1,0,0,0,0,0,0,GMP
Prog_676,0,0,0,1,0,0,0,0,0,0,0,0,CMP
Prog_677,0,0,0,0,1,0,0,0,0,0,0,0,MEP
Prog_678,0,0,0,0,1,0,0,0,0,0,0,0,MEP
Prog_679,0,0,0,1,0,0,0,0,0,0,0,0,CMP
Prog_680,0,0,0,1,0,0,0,0,0,0,0,0,CMP
Prog_681,0,0,0,1,0,0,0,0,0,0,0,0,CMP
Prog_682,0,0,0,0,0,1,0,0,0,0,0,0,GMP
Prog_683,0,0,0,0,0,1,0,0,0,0,0,0,GMP
Prog_684,0,0,0,1,0,0,0,0,0,0,0,0,CMP
Prog_685,0,0,0,0,0,0,0,0,0,0,0,1,unknown
Prog_686,0,0,0,1,0,0,0,0,0,0,0,0,CMP
Prog_687,0,0,0,0,0,1,0,0,0,0,0,0,GMP
Prog_688,0,0,0,0,1,0,0,0,0,0,0,0,MEP
Prog_689,0,0,0,0,0,1,0,0,0,0,0,0,GMP
Prog_690,0,0,0,1,0,0,0,0,0,0,0,0,CMP
Prog_692,0,0,0,1,0,0,0,0,0,0,0,0,CMP
Prog_693,0,0,0,1,0,0,0,0,0,0,0,0,CMP
Prog_694,0,0,0,0,1,0,0,0,0,0,0,0,MEP
Prog_695,0,0,0,0,1,0,0,0,0,0,0,0,MEP
Prog_696,0,0,0,0,1,0,0,0,0,0,0,0,MEP
Prog_697,0,0,0,0,1,0,0,0,0,0,0,0,MEP
Prog_698,0,0,0,0,0,1,0,0,0,0,0,0,GMP
Prog_699,0,0,0,1,0,0,0,0,0,0,0,0,CMP
Prog_700,0,0,0,0,1,0,0,0,0,0,0,0,MEP
Prog_701,0,0,0,0,1,0,0,0,0,0,0,0,MEP
Prog_702,0,0,0,1,0,0,0,0,0,0,0,0,CMP
Prog_704,0,0,0,0,0,1,0,0,0,0,0,0,GMP
Prog_705,0,0,0,1,0,0,0,0,0,0,0,0,CMP
Prog_706,0,0,0,1,0,0,0,0,0,0,0,0,CMP
Prog_707,0,0,0,1,0,0,0,0,0,0,0,0,CMP
Prog_708,0,0,0,0,1,0,0,0,0,0,0,0,MEP
Prog_709,0,0,0,0,1,0,0,0,0,0,0,0,MEP
Prog_710,0,0,0,1,0,0,0,0,0,0,0,0,CMP
Prog_711,0,0,0,0,1,0,0,0,0,0,0,0,MEP
Prog_712,0,0,0,1,0,0,0,0,0,0,0,0,CMP
Prog_713,0,0,0,0,1,0,0,0,0,0,0,0,MEP
Prog_714,0,0,0,0,1,0,0,0,0,0,0,0,MEP
Prog_715,0,0,0,1,0,0,0,0,0,0,0,0,CMP
Prog_716,0,0,0,1,0,0,0,0,0,0,0,0,CMP
Prog_717,0,0,0,1,0,0,0,0,0,0,0,0,CMP
Prog_718,0,0,0,0,1,0,0,0,0,0,0,0,MEP
Prog_719,0,0,0,0,1,0,0,0,0,0,0,0,MEP
Prog_720,0,0,0,1,0,0,0,0,0,0,0,0,CMP
Prog_721,0,0,0,0,1,0,0,0,0,0,0,0,MEP
Prog_722,0,0,0,1,0,0,0,0,0,0,0,0,CMP
Prog_723,0,0,0,0,1,0,0,0,0,0,0,0,MEP
Prog_724,0,0,0,1,0,0,0,0,0,0,0,0,CMP
Prog_725,0,0,0,1,0,0,0,0,0,0,0,0,CMP
Prog_726,0,0,0,0,1,0,0,0,0,0,0,0,MEP
Prog_727,0,0,0,0,0,1,0,0,0,0,0,0,GMP
Prog_728,0,0,0,1,0,0,0,0,0,0,0,0,CMP
Prog_729,0,0,0,0,1,0,0,0,0,0,0,0,MEP
Prog_730,0,0,0,0,1,0,0,0,0,0,0,0,MEP
Prog_731,0,0,0,0,1,0,0,0,0,0,0,0,MEP
Prog_732,0,0,0,0,0,1,0,0,0,0,0,0,GMP
Prog_733,0,0,0,1,0,0,0,0,0,0,0,0,CMP
Prog_734,0,0,0,0,1,0,0,0,0,0,0,0,MEP
Prog_735,0,0,0,1,0,0,0,0,0,0,0,0,CMP
Prog_736,0,0,0,0,1,0,0,0,0,0,0,0,MEP
Prog_737,0,0,0,0,1,0,0,0,0,0,0,0,MEP
Prog_738,0,0,0,1,0,0,0,0,0,0,0,0,CMP
Prog_739,0,0,0,0,0,1,0,0,0,0,0,0,GMP
Prog_740,0,0,0,0,1,0,0,0,0,0,0,0,MEP
Prog_743,0,0,0,1,0,0,0,0,0,0,0,0,CMP
Prog_744,0,0,0,1,0,0,0,0,0,0,0,0,CMP
Prog_745,0,0,0,1,0,0,0,0,0,0,0,0,CMP
Prog_746,0,0,0,0,1,0,0,0,0,0,0,0,MEP
Prog_747,0,0,0,1,0,0,0,0,0,0,0,0,CMP
Prog_748,0,0,0,0,0,1,0,0,0,0,0,0,GMP
Prog_749,0,0,0,0,1,0,0,0,0,0,0,0,MEP
Prog_750,0,0,0,1,0,0,0,0,0,0,0,0,CMP
Prog_751,0,0,0,0,1,0,0,0,0,0,0,0,MEP
Prog_752,0,0,0,0,1,0,0,0,0,0,0,0,MEP
Prog_753,0,0,0,1,0,0,0,0,0,0,0,0,CMP
Prog_754,0,0,0,1,0,0,0,0,0,0,0,0,CMP
Prog_757,0,0,0,0,1,0,0,0,0,0,0,0,MEP
Prog_758,0,0,0,0,1,0,0,0,0,0,0,0,MEP
Prog_759,0,0,0,1,0,0,0,0,0,0,0,0,CMP
Prog_760,0,0,0,0,0,1,0,0,0,0,0,0,GMP
Prog_761,0,0,0,1,0,0,0,0,0,0,0,0,CMP
Prog_762,0,0,0,1,0,0,0,0,0,0,0,0,CMP
Prog_763,0,0,0,1,0,0,0,0,0,0,0,0,CMP
Prog_764,0,0,0,1,0,0,0,0,0,0,0,0,CMP
Prog_765,0,0,0,1,0,0,0,0,0,0,0,0,CMP
Prog_767,0,0,0,1,0,0,0,0,0,0,0,0,CMP
Prog_768,0,0,0,1,0,0,0,0,0,0,0,0,CMP
Prog_769,0,0,0,0,0,1,0,0,0,0,0,0,GMP
Prog_770,0,0,0,0,1,0,0,0,0,0,0,0,MEP
Prog_771,0,0,0,0,1,0,0,0,0,0,0,0,MEP
Prog_772,0,0,0,1,0,0,0,0,0,0,0,0,CMP
Prog_774,0,0,0,1,0,0,0,0,0,0,0,0,CMP
Prog_775,0,0,0,0,0,1,0,0,0,0,0,0,GMP
Prog_776,0,0,0,0,1,0,0,0,0,0,0,0,MEP
Prog_777,0,0,0,0,0,1,0,0,0,0,0,0,GMP
Prog_778,0,0,0,0,1,0,0,0,0,0,0,0,MEP
Prog_779,0,0,0,1,0,0,0,0,0,0,0,0,CMP
Prog_780,0,0,0,0,1,0,0,0,0,0,0,0,MEP
Prog_781,0,0,0,1,0,0,0,0,0,0,0,0,CMP
Prog_782,0,0,0,0,1,0,0,0,0,0,0,0,MEP
Prog_783,0,0,0,0,1,0,0,0,0,0,0,0,MEP
Prog_784,0,0,0,1,0,0,0,0,0,0,0,0,CMP
Prog_785,0,0,0,1,0,0,0,0,0,0,0,0,CMP
Prog_786,0,0,0,1,0,0,0,0,0,0,0,0,CMP
Prog_787,0,0,0,0,0,1,0,0,0,0,0,0,GMP
Prog_788,0,0,0,0,1,0,0,0,0,0,0,0,MEP
Prog_789,0,0,0,1,0,0,0,0,0,0,0,0,CMP
Prog_790,0,0,0,0,1,0,0,0,0,0,0,0,MEP
Prog_791,0,0,0,0,0,1,0,0,0,0,0,0,GMP
Prog_792,0,0,0,1,0,0,0,0,0,0,0,0,CMP
Prog_793,0,0,0,1,0,0,0,0,0,0,0,0,CMP
Prog_794,0,0,0,1,0,0,0,0,0,0,0,0,CMP
Prog_795,0,0,0,1,0,0,0,0,0,0,0,0,CMP
Prog_796,0,0,0,1,0,0,0,0,0,0,0,0,CMP
Prog_797,0,0,0,1,0,0,0,0,0,0,0,0,CMP
Prog_798,0,0,0,1,0,0,0,0,0,0,0,0,CMP
Prog_799,0,0,0,1,0,0,0,0,0,0,0,0,CMP
Prog_800,0,0,0,1,0,0,0,0,0,0,0,0,CMP
Prog_801,0,0,0,0,1,0,0,0,0,0,0,0,MEP
Prog_802,0,0,0,0,1,0,0,0,0,0,0,0,MEP
Prog_803,0,0,0,0,1,0,0,0,0,0,0,0,MEP
Prog_804,0,0,0,0,1,0,0,0,0,0,0,0,MEP
Prog_805,0,0,0,0,1,0,0,0,0,0,0,0,MEP
Prog_806,0,0,0,1,0,0,0,0,0,0,0,0,CMP
Prog_807,0,0,0,0,1,0,0,0,0,0,0,0,MEP
Prog_808,0,0,0,1,0,0,0,0,0,0,0,0,CMP
Prog_809,0,0,0,1,0,0,0,0,0,0,0,0,CMP
Prog_810,0,0,0,1,0,0,0,0,0,0,0,0,CMP
Prog_811,0,0,0,0,1,0,0,0,0,0,0,0,MEP
Prog_812,0,0,0,0,1,0,0,0,0,0,0,0,MEP
Prog_813,0,0,0,0,1,0,0,0,0,0,0,0,MEP
Prog_814,0,0,0,0,1,0,0,0,0,0,0,0,MEP
Prog_815,0,0,0,0,1,0,0,0,0,0,0,0,MEP
Prog_816,0,0,0,0,1,0,0,0,0,0,0,0,MEP
Prog_817,0,0,0,1,0,0,0,0,0,0,0,0,CMP
Prog_818,0,0,0,0,1,0,0,0,0,0,0,0,MEP
Prog_819,0,0,0,0,1,0,0,0,0,0,0,0,MEP
Prog_820,0,0,0,0,1,0,0,0,0,0,0,0,MEP
Prog_821,0,0,0,0,1,0,0,0,0,0,0,0,MEP
Prog_822,0,0,0,0,1,0,0,0,0,0,0,0,MEP
Prog_823,0,0,0,0,1,0,0,0,0,0,0,0,MEP
Prog_824,0,0,0,1,0,0,0,0,0,0,0,0,CMP
Prog_825,0,0,0,0,1,0,0,0,0,0,0,0,MEP
Prog_826,0,0,0,0,1,0,0,0,0,0,0,0,MEP
Prog_827,0,0,0,0,1,0,0,0,0,0,0,0,MEP
Prog_828,0,0,0,1,0,0,0,0,0,0,0,0,CMP
Prog_829,0,0,0,1,0,0,0,0,0,0,0,0,CMP
Prog_830,0,0,0,0,1,0,0,0,0,0,0,0,MEP
Prog_831,0,0,0,0,1,0,0,0,0,0,0,0,MEP
Prog_832,0,0,0,0,0,1,0,0,0,0,0,0,GMP
Prog_833,0,0,0,1,0,0,0,0,0,0,0,0,CMP
Prog_834,0,0,0,1,0,0,0,0,0,0,0,0,CMP
Prog_835,0,0,0,0,1,0,0,0,0,0,0,0,MEP
Prog_836,0,0,0,0,0,1,0,0,0,0,0,0,GMP
Prog_837,0,0,0,0,1,0,0,0,0,0,0,0,MEP
Prog_838,0,0,0,0,1,0,0,0,0,0,0,0,MEP
Prog_839,0,0,0,0,1,0,0,0,0,0,0,0,MEP
Prog_840,0,0,0,0,0,1,0,0,0,0,0,0,GMP
Prog_841,0,0,0,0,1,0,0,0,0,0,0,0,MEP
Prog_842,0,0,0,0,1,0,0,0,0,0,0,0,MEP
Prog_843,0,0,0,1,0,0,0,0,0,0,0,0,CMP
Prog_844,0,0,0,0,1,0,0,0,0,0,0,0,MEP
Prog_845,0,0,0,0,0,1,0,0,0,0,0,0,GMP
Prog_846,0,0,0,0,0,1,0,0,0,0,0,0,GMP
Prog_847,0,0,0,1,0,0,0,0,0,0,0,0,CMP
Prog_848,0,0,0,0,0,1,0,0,0,0,0,0,GMP
Prog_849,0,0,0,1,0,0,0,0,0,0,0,0,CMP
Prog_850,0,0,0,0,1,0,0,0,0,0,0,0,MEP
Prog_851,0,0,0,1,0,0,0,0,0,0,0,0,CMP
Prog_852,0,0,0,0,1,0,0,0,0,0,0,0,MEP
